order_item_id,order_id,product_id,quantity,price_per_unit
1,2901,404,2,17452.79
2,2829,94,1,10385.52
3,1008,798,4,18054.15
4,1455,798,2,18829.1
5,2265,475,4,5927.6
6,661,791,3,8149.5
7,1262,559,2,22710.65
8,848,570,3,16388.15
9,2712,329,5,3554.22
10,597,186,5,17089.15
11,296,175,3,10617.85
12,420,321,1,14413.22
13,1978,515,3,19793.69
14,697,630,1,21136.33
15,961,57,3,24204.27
16,2695,542,1,10310.5
17,870,614,1,17983.79
18,1432,466,3,16307.6
19,1993,236,3,5059.66
20,1121,366,2,8985.1
21,2054,542,3,10033.96
22,989,473,1,3208.14
23,1874,308,5,6065.5
24,2916,267,3,8737.53
25,2433,618,2,6632.84
26,1590,237,4,5246.39
27,1675,32,2,2877.35
28,595,543,2,18145.2
29,2509,71,2,10041.41
30,2129,660,5,7209.94
31,562,187,4,12379.61
32,1306,526,4,2670.59
33,2981,180,5,21189.09
34,598,179,4,6694.39
35,402,202,1,15774.35
36,471,569,4,18342.64
37,66,701,1,3787.54
38,984,126,4,19359.89
39,1540,419,3,22902.54
40,1787,218,3,18378.61
41,2534,495,5,12636.42
42,1255,525,5,12457.64
43,14,365,4,3183.47
44,638,193,3,966.98
45,1531,391,4,1066.6
46,445,491,4,12345.27
47,2757,167,5,2293.65
48,2221,603,1,12176.6
49,2051,230,2,16980.99
50,699,140,5,13845.51
51,809,264,4,23463.7
52,716,441,3,2856.17
53,2612,350,1,1650.98
54,2466,589,5,18086.69
55,2832,707,1,407.43
56,1437,546,5,4553.09
57,563,492,2,14374.06
58,1905,545,2,5721.86
59,69,701,3,3726.65
60,2139,722,1,6554.5
61,568,420,5,17207.97
62,931,295,2,3764.96
63,287,400,3,13734.78
64,1149,527,5,4573.93
65,82,770,5,6510.85
66,1120,597,3,13983.1
67,1903,575,3,18919.34
68,1006,503,3,6572.37
69,2783,585,3,20729.81
70,648,130,5,7269.16
71,2090,607,1,883.47
72,2172,74,4,13572.28
73,2857,474,5,11185.21
74,650,679,1,20303.86
75,266,307,5,7959.42
76,702,655,5,22028.69
77,2231,463,1,15160.19
78,2334,337,5,18522.6
79,1518,269,3,18337.41
80,984,273,2,10520.09
81,1561,779,2,23530.33
82,1533,401,5,6188.24
83,2399,187,2,12008.15
84,2028,215,5,11992.13
85,2883,771,4,18558.36
86,2759,117,1,1784.95
87,441,625,4,23370.03
88,2547,82,3,10391.66
89,2308,345,5,5815.22
90,828,24,5,4095.62
91,143,738,5,17004.92
92,2644,171,1,6409.91
93,2807,591,1,6621.94
94,2404,152,5,7208.13
95,1114,434,5,16267.1
96,2377,383,1,16416.43
97,2263,673,3,4187.22
98,2844,552,1,782.91
99,2501,476,1,1919.35
100,2431,685,3,8552.97
101,1315,690,4,21679.92
102,1068,763,1,12596.49
103,405,247,5,9754.36
104,1681,255,5,8625.0
105,2996,588,4,4450.53
106,698,662,3,2082.51
107,1645,250,4,22484.94
108,1231,61,5,19068.65
109,1697,548,1,2157.03
110,1579,735,1,16246.05
111,650,336,1,5442.54
112,982,307,2,8104.74
113,914,212,4,888.02
114,525,352,5,7589.89
115,786,389,4,14695.56
116,2233,451,1,350.51
117,2322,358,5,17709.0
118,1251,411,5,1178.11
119,1931,362,2,15118.13
120,25,62,1,5477.22
121,1809,558,3,7580.17
122,495,770,4,6086.45
123,498,649,3,18719.52
124,1463,253,1,10068.8
125,1857,396,4,10551.93
126,2429,500,5,12235.94
127,1791,356,1,20370.21
128,2461,298,2,8747.72
129,2303,696,5,7282.66
130,2393,138,5,1269.67
131,979,483,4,22463.51
132,2742,29,2,1332.48
133,2523,432,4,14406.87
134,1331,352,2,7429.07
135,860,534,1,22915.97
136,2990,262,3,19229.95
137,1512,722,4,6235.88
138,1353,108,5,23745.89
139,651,473,3,3303.53
140,2671,210,3,6081.76
141,95,651,3,19967.27
142,1364,272,1,18851.08
143,2614,128,1,16580.34
144,2761,574,5,957.38
145,1636,503,2,6144.79
146,2911,147,4,23315.9
147,2556,433,2,13925.41
148,1225,522,1,1530.47
149,100,266,3,4380.03
150,217,542,5,10163.65
151,964,325,2,20299.58
152,2477,590,4,10364.5
153,1208,46,4,16364.48
154,1140,267,5,8541.7
155,693,709,1,14081.81
156,1299,178,5,13207.15
157,394,285,5,19078.07
158,2344,784,3,3818.77
159,727,773,3,1517.54
160,1133,724,2,13081.72
161,174,786,3,21003.18
162,789,465,2,11279.63
163,2575,127,4,372.73
164,2377,202,1,16380.1
165,615,436,5,3165.81
166,2659,123,1,21523.74
167,738,278,1,17614.17
168,1127,214,5,4884.76
169,65,536,1,1242.66
170,1002,211,5,21401.56
171,2401,668,3,12438.16
172,1719,228,2,17134.63
173,482,291,4,2555.8
174,2640,258,1,1514.63
175,16,9,5,606.27
176,1367,116,3,18016.89
177,1547,653,4,16157.6
178,2716,191,5,15849.1
179,1284,137,3,7097.86
180,2834,171,1,6734.66
181,937,70,2,12890.12
182,2152,239,1,23730.13
183,823,742,3,15770.95
184,933,138,1,1187.36
185,563,287,1,9110.94
186,2904,725,4,2556.41
187,954,722,3,6251.8
188,1118,221,2,8917.03
189,1844,800,2,956.29
190,1888,659,1,1032.51
191,724,495,5,12998.85
192,38,650,2,12712.18
193,1539,284,5,2997.64
194,170,29,5,1358.37
195,1740,572,4,1819.25
196,1630,400,3,13917.36
197,1673,589,4,17004.83
198,2481,182,3,10209.9
199,916,508,3,22418.08
200,1178,190,3,10651.69
201,8,711,2,2234.09
202,1135,103,1,3357.85
203,1117,637,1,14853.2
204,631,313,4,2355.08
205,2031,102,4,13692.31
206,2832,487,1,4822.72
207,2569,409,4,13074.69
208,219,174,1,486.59
209,431,156,1,13490.65
210,1032,344,2,20521.32
211,1602,425,2,13288.16
212,2078,370,2,12247.08
213,1856,557,5,3410.61
214,1144,348,4,12999.31
215,1975,321,1,13882.81
216,2597,507,2,20898.85
217,2243,577,1,21796.03
218,1638,473,2,3296.93
219,636,92,2,21789.06
220,518,36,4,3120.5
221,2680,96,1,21776.79
222,2007,390,5,14935.71
223,1888,522,4,1633.12
224,651,671,4,12503.62
225,292,191,1,15670.66
226,2248,260,3,23900.25
227,2661,727,3,14085.13
228,438,115,4,15921.63
229,2840,172,5,21615.32
230,1046,71,4,10687.59
231,1260,466,3,16372.95
232,174,417,1,3549.39
233,2880,149,2,6564.74
234,1064,301,2,13944.84
235,104,148,1,23163.46
236,909,16,2,10982.42
237,2416,220,5,12499.34
238,2459,85,2,13937.61
239,1660,681,1,23515.73
240,1918,313,4,2422.33
241,1138,486,2,19000.61
242,2522,24,2,4103.14
243,311,431,3,21255.21
244,128,231,2,20274.01
245,1676,81,4,23623.37
246,2641,308,5,5786.35
247,2355,694,2,13219.84
248,2347,354,3,8645.86
249,853,360,1,7286.66
250,1253,135,1,5033.2
251,1867,684,1,6892.96
252,2518,550,5,11114.53
253,745,94,2,10255.95
254,2010,554,4,7397.5
255,2402,720,3,19369.57
256,1377,549,4,7422.24
257,1004,570,4,16521.11
258,2444,527,4,4489.99
259,2865,475,4,6472.7
260,1320,10,5,1823.36
261,1127,320,4,1144.17
262,1879,524,2,533.87
263,1949,674,5,16862.04
264,605,579,1,9042.44
265,1732,503,3,6561.86
266,2225,581,2,20920.5
267,1963,308,1,5803.18
268,1972,585,5,21110.35
269,1772,787,2,15424.75
270,2837,748,2,20226.06
271,858,334,2,16188.74
272,757,276,5,15786.52
273,2002,460,1,7273.87
274,2104,121,2,10506.63
275,176,541,4,11736.45
276,810,443,2,1330.49
277,1775,10,2,1735.38
278,1817,171,2,6612.27
279,1981,504,2,4761.3
280,2584,368,3,3215.08
281,920,214,2,4626.79
282,71,22,1,22124.19
283,405,386,2,22894.96
284,2611,762,4,7128.28
285,2527,608,1,18793.16
286,611,4,5,15752.47
287,556,787,5,16420.28
288,378,125,3,19420.22
289,1643,3,1,17567.06
290,744,95,4,1623.93
291,2166,760,2,1454.26
292,2962,143,4,14530.83
293,1340,468,5,10884.05
294,890,792,5,20518.34
295,1455,758,5,13487.19
296,1250,10,5,1874.97
297,2324,345,3,6158.51
298,1924,85,5,13196.8
299,1913,265,4,21483.16
300,1931,52,1,1037.08
301,260,604,5,11791.61
302,1198,225,2,7277.31
303,1764,100,2,8462.94
304,472,85,1,13334.21
305,88,88,3,10211.7
306,22,619,5,23222.06
307,2111,711,3,2272.41
308,2650,145,5,13966.04
309,228,317,2,19253.69
310,896,194,3,18342.2
311,1314,681,1,22252.19
312,377,209,3,14873.94
313,2484,285,4,18881.39
314,1111,458,3,23010.98
315,1243,589,5,17730.02
316,1511,291,5,2675.09
317,1864,280,4,12624.34
318,1275,152,1,6648.27
319,608,564,2,7374.17
320,2193,660,1,7131.19
321,623,724,5,13186.96
322,631,706,5,10645.64
323,1687,142,2,19578.04
324,2856,611,3,13683.15
325,1601,153,4,15750.88
326,1447,544,3,841.96
327,2938,72,4,7364.09
328,2267,333,2,18760.75
329,2114,368,2,3361.55
330,1792,164,2,11054.25
331,453,466,1,15848.72
332,1242,90,2,11728.64
333,1203,791,5,8503.6
334,308,565,3,16767.81
335,843,119,4,17617.19
336,1246,644,2,1810.5
337,427,336,3,5269.08
338,2589,294,4,17347.43
339,1384,33,1,14124.85
340,2074,178,2,12540.74
341,718,437,4,18486.22
342,2788,88,2,10738.54
343,2022,535,2,5110.98
344,685,31,1,14523.48
345,2332,764,2,225.25
346,986,131,5,16208.21
347,2893,643,4,17566.41
348,340,92,2,20173.15
349,2121,271,5,14540.12
350,2335,12,4,5903.97
351,496,446,3,15050.41
352,2963,791,3,7958.06
353,611,743,1,18335.8
354,2482,313,2,2446.06
355,283,451,4,379.82
356,223,650,3,13043.91
357,1576,26,1,16800.37
358,1904,341,2,170.11
359,2770,512,2,9328.35
360,2347,317,4,19007.66
361,864,266,2,4332.04
362,2581,432,1,14531.36
363,558,420,5,16983.05
364,2709,326,1,1410.42
365,2097,130,4,7214.15
366,591,188,4,20677.28
367,1722,4,5,15538.86
368,2792,429,4,17573.44
369,2902,716,4,1006.26
370,1834,134,3,7978.24
371,798,637,4,16247.91
372,2145,419,5,21994.67
373,697,277,5,1404.55
374,2429,479,1,9136.13
375,2292,593,1,7952.97
376,1053,371,1,17537.92
377,257,112,5,22442.66
378,1343,580,4,24926.5
379,850,150,2,12806.59
380,1226,279,2,11643.83
381,117,315,4,23412.1
382,757,772,4,19318.1
383,837,114,2,21395.55
384,2465,653,4,15953.64
385,487,620,3,19881.52
386,2210,263,5,18691.33
387,2089,18,4,4744.0
388,274,284,3,2904.47
389,903,91,1,16274.17
390,1588,728,5,22204.14
391,1617,201,5,11050.16
392,1028,544,2,838.66
393,1161,3,4,16932.3
394,298,231,3,20716.82
395,2683,295,5,3852.3
396,507,515,2,20283.38
397,2324,541,5,11684.39
398,1910,430,5,11917.94
399,1648,415,4,21744.36
400,787,793,1,3261.73
401,2565,101,1,21021.77
402,2920,187,1,11413.61
403,571,380,3,20344.95
404,1474,768,3,8882.5
405,2140,744,2,21941.03
406,1658,31,1,14500.82
407,121,53,3,3188.09
408,442,541,4,11340.51
409,873,246,4,14752.91
410,2183,731,5,22258.49
411,1146,60,2,19997.07
412,685,716,2,920.56
413,489,458,5,24122.88
414,590,638,5,11893.56
415,165,51,1,21482.52
416,2455,283,1,10751.03
417,459,215,3,12517.36
418,963,487,1,4870.89
419,2157,769,4,4665.75
420,2135,604,4,12407.54
421,569,569,4,18066.29
422,1908,768,1,9667.21
423,2122,776,4,14178.57
424,865,160,3,6170.13
425,1345,632,1,22599.6
426,2828,265,1,22266.02
427,1902,292,4,3878.31
428,1204,337,3,19284.84
429,1478,644,1,1679.28
430,2564,449,3,9716.4
431,362,543,2,18693.88
432,2752,24,4,4208.41
433,1843,572,5,1923.62
434,2497,455,5,487.22
435,166,483,2,23925.76
436,1595,614,1,18870.97
437,960,480,1,9433.09
438,2545,109,4,3553.85
439,592,707,5,407.38
440,1132,631,4,15672.77
441,1176,159,2,1128.42
442,561,694,5,14087.96
443,1157,603,4,11279.69
444,2594,503,1,6504.4
445,2474,497,3,3795.37
446,1600,42,4,24299.4
447,1255,574,1,1052.94
448,1188,8,2,11140.07
449,1915,561,1,307.79
450,334,734,5,7861.72
451,1014,361,4,17060.92
452,2563,513,1,498.57
453,1687,667,3,449.34
454,2272,301,2,14878.28
455,2740,139,2,15803.19
456,1662,191,2,17312.1
457,2804,125,4,20412.56
458,504,394,5,21505.13
459,2535,392,5,22185.22
460,1363,467,3,16030.4
461,2967,484,1,8989.92
462,2913,454,3,7586.22
463,1291,635,1,15178.55
464,2042,374,2,20435.04
465,2897,57,1,24015.08
466,472,306,2,15979.62
467,698,5,4,13166.86
468,670,223,2,5291.56
469,771,665,5,6080.17
470,2132,161,3,14250.57
471,359,720,1,19145.66
472,2632,228,5,16990.52
473,780,555,3,21519.86
474,1409,226,1,20001.24
475,2730,110,4,22755.32
476,2277,77,1,10367.64
477,505,235,1,18021.99
478,2697,378,1,5657.08
479,238,737,3,20684.34
480,2337,732,5,7821.48
481,693,716,3,950.81
482,2978,251,2,14690.01
483,2006,630,3,20653.25
484,273,564,1,7236.09
485,1337,334,1,17133.66
486,1909,780,3,6500.82
487,2001,431,3,22288.57
488,1718,160,4,6056.6
489,485,600,4,9545.26
490,501,126,3,18922.31
491,354,566,3,8850.22
492,1506,784,1,3534.68
493,2913,789,1,9891.42
494,2951,505,3,5237.91
495,99,138,2,1228.84
496,2346,784,5,3674.31
497,1546,101,3,19695.03
498,2431,159,4,1123.9
499,2988,655,1,21706.56
500,804,613,4,8072.6
501,2591,752,4,11186.17
502,1599,303,3,11971.33
503,73,756,3,8446.59
504,531,433,4,13273.46
505,789,38,3,14128.0
506,1701,105,1,18038.29
507,426,63,5,6694.05
508,439,371,4,19030.4
509,1836,773,4,1587.43
510,2793,657,2,13014.73
511,371,741,1,16334.89
512,1301,499,3,21295.41
513,2171,234,5,14984.32
514,2694,191,4,16142.18
515,2654,75,3,14678.3
516,2449,333,4,19165.29
517,2943,393,1,17599.22
518,337,177,3,19345.9
519,1318,770,4,6484.77
520,1462,413,2,7025.44
521,1676,191,5,16523.64
522,593,308,1,6058.6
523,1103,439,3,21115.04
524,2105,457,4,12544.3
525,2957,148,4,23878.08
526,519,724,2,13230.65
527,1384,214,5,5122.73
528,2781,411,4,1200.05
529,2555,142,3,19764.09
530,2170,224,5,15357.45
531,454,517,4,4160.58
532,317,417,1,3483.29
533,869,530,5,17137.54
534,2126,606,2,13030.57
535,2570,711,3,2382.13
536,2914,797,2,18351.39
537,699,356,1,21681.87
538,2421,619,2,22809.18
539,2794,592,4,2609.49
540,2044,336,5,5428.45
541,1478,440,3,5055.82
542,778,322,2,12993.17
543,865,756,3,8135.23
544,1534,60,4,20732.59
545,605,475,4,6285.98
546,1213,353,3,10911.76
547,1615,79,5,19882.33
548,6,29,2,1372.47
549,896,540,3,7677.66
550,2483,186,4,16278.69
551,2936,413,2,6714.37
552,2561,212,2,887.04
553,2015,181,2,18089.93
554,592,151,4,15731.27
555,1921,780,1,6450.87
556,382,380,4,20853.47
557,1771,124,4,13948.35
558,680,169,1,11373.59
559,230,162,5,12893.66
560,1849,381,1,12273.99
561,2923,566,4,9093.45
562,45,239,1,23146.42
563,657,107,4,5696.37
564,552,9,2,644.75
565,2814,184,2,22142.58
566,1218,185,4,21411.0
567,112,583,5,10952.55
568,946,273,2,10802.64
569,1608,276,4,16441.89
570,768,63,4,6752.42
571,590,74,4,13181.43
572,1352,778,1,20081.55
573,1178,83,4,12340.58
574,35,457,1,12809.85
575,344,702,1,20800.04
576,1907,299,5,13717.29
577,878,190,4,11622.02
578,1265,188,3,21691.69
579,2596,386,5,21563.8
580,606,116,4,17952.04
581,824,286,4,10378.71
582,2301,248,5,20259.09
583,999,228,5,16796.31
584,2372,408,3,11527.1
585,475,161,3,13913.79
586,1678,628,5,11603.78
587,1959,716,5,932.08
588,859,620,2,19802.54
589,1600,718,2,2327.85
590,2319,506,2,5164.9
591,2700,90,2,12063.99
592,2693,121,4,10120.48
593,1518,668,1,11609.93
594,224,791,5,8389.67
595,421,61,2,20095.57
596,2491,736,4,656.52
597,2670,662,3,2188.2
598,2129,465,2,10944.09
599,2930,312,3,9488.83
600,13,603,4,11296.1
601,1499,767,5,11533.38
602,587,464,1,5359.39
603,2098,560,4,14393.12
604,1067,3,4,17876.12
605,1195,373,4,3148.45
606,906,23,2,11050.85
607,86,11,1,21664.53
608,973,176,5,21102.16
609,641,191,1,17197.22
610,350,796,3,18799.16
611,83,244,5,11655.6
612,875,266,5,4435.23
613,388,36,5,3138.71
614,2995,161,3,14407.69
615,581,254,2,16769.61
616,2728,172,2,20623.08
617,1571,42,2,24130.36
618,1029,668,3,11666.85
619,144,61,1,19661.68
620,1242,747,2,6057.72
621,2120,291,3,2649.57
622,1107,700,1,7206.87
623,1628,415,5,22318.81
624,1802,568,5,760.31
625,1121,214,5,4725.3
626,509,795,2,10228.46
627,2161,167,3,2303.17
628,1604,404,2,17332.95
629,1892,136,1,20448.68
630,2045,28,3,17630.0
631,939,759,5,10868.19
632,1128,237,1,5034.44
633,1829,276,3,15206.75
634,2273,594,1,12526.7
635,2249,342,5,15648.09
636,544,627,5,19155.16
637,940,58,1,4212.12
638,1677,509,4,10795.17
639,275,493,4,7120.31
640,1357,381,3,12103.67
641,1621,16,4,10794.25
642,2916,794,3,6599.29
643,314,580,2,24697.69
644,1291,351,5,7431.62
645,1454,101,5,19211.52
646,2400,406,4,658.86
647,2946,235,1,18680.54
648,684,238,4,18026.01
649,2505,434,3,16736.55
650,2721,155,5,19925.26
651,2103,409,3,12654.76
652,1126,146,1,9497.11
653,595,436,1,3003.29
654,2316,785,2,12756.8
655,2743,585,5,19463.41
656,512,760,5,1466.4
657,1247,323,2,8613.07
658,2838,196,2,7968.62
659,1410,65,3,2923.06
660,2476,340,3,13010.28
661,1856,97,3,273.09
662,2394,791,2,7777.15
663,2914,656,1,3189.52
664,2968,683,1,2185.85
665,883,453,4,21122.74
666,1826,473,2,3175.41
667,2517,620,2,20338.74
668,1297,760,3,1460.12
669,997,158,1,11959.56
670,970,242,3,4313.49
671,2146,692,3,11196.88
672,1702,553,1,14396.97
673,2819,754,1,10571.83
674,1849,556,4,4140.8
675,1002,442,4,1359.87
676,1511,589,2,18403.24
677,2238,241,2,18967.94
678,327,572,4,1859.66
679,2756,367,5,23592.43
680,1320,170,3,17938.21
681,154,556,3,4344.69
682,2316,282,1,11439.95
683,2693,342,5,16302.46
684,22,368,5,3403.99
685,2130,757,5,12605.81
686,2212,794,3,6639.38
687,1519,728,4,21366.59
688,1097,177,1,20348.96
689,2088,273,4,10583.49
690,746,675,5,21013.35
691,2165,372,3,7191.5
692,562,799,3,4810.3
693,2931,83,5,11678.94
694,863,569,2,18319.99
695,1710,359,1,7267.56
696,1256,547,2,18086.53
697,796,680,4,15477.55
698,2877,308,4,5881.24
699,1411,422,2,19582.01
700,2851,258,2,1582.47
701,1271,93,2,9468.22
702,173,252,3,16414.07
703,383,584,5,7408.72
704,1911,12,1,5825.17
705,1509,671,4,12370.36
706,2860,711,4,2201.79
707,602,420,4,16670.34
708,107,351,1,7414.42
709,2155,370,4,11967.15
710,155,69,4,4793.51
711,2196,663,1,12156.66
712,1338,238,5,17920.87
713,2015,756,1,8276.49
714,37,252,3,17634.81
715,711,552,5,736.61
716,441,165,3,21113.41
717,2569,96,1,23540.48
718,2717,228,4,18320.51
719,1461,712,1,1140.75
720,76,22,5,21185.84
721,1657,498,1,19811.49
722,1446,288,4,5153.19
723,629,702,4,20569.04
724,1419,57,4,24349.2
725,1983,133,4,6387.7
726,1002,726,5,19848.68
727,1081,363,1,15170.81
728,517,334,2,16510.52
729,2507,205,3,2638.94
730,43,456,4,16332.34
731,2003,229,1,19209.54
732,57,203,4,22506.97
733,2636,659,5,1055.25
734,483,730,1,847.95
735,1189,307,2,8291.67
736,206,733,1,5568.38
737,2236,283,3,9861.75
738,134,767,2,11639.35
739,2052,476,4,1897.68
740,1481,398,5,3482.83
741,2249,431,1,21497.49
742,1863,710,2,24406.04
743,1508,619,3,22100.89
744,1998,47,3,22375.84
745,1557,72,4,7416.34
746,2515,349,1,23325.63
747,498,452,1,7219.92
748,2677,507,5,21994.36
749,1281,194,2,17397.23
750,506,188,1,21615.97
751,1294,294,5,17546.84
752,1388,316,3,3908.98
753,2812,80,4,18513.47
754,2100,276,3,15772.05
755,1981,344,2,20761.82
756,997,399,5,22572.43
757,1713,584,1,7401.06
758,990,301,5,14227.35
759,1746,231,4,21069.84
760,2587,141,4,4522.98
761,939,43,3,7352.93
762,1912,178,2,13178.26
763,1704,752,3,11241.19
764,74,13,1,3298.93
765,185,233,5,6917.66
766,2851,641,3,1811.08
767,2558,275,2,9849.0
768,2979,744,3,21910.94
769,978,799,5,4744.25
770,2525,34,5,13885.02
771,1136,489,5,16841.27
772,2489,689,4,4750.37
773,158,501,4,8137.28
774,1322,301,2,14357.77
775,927,536,3,1212.4
776,233,469,1,2760.96
777,2544,385,1,12428.6
778,656,463,3,15827.27
779,2385,263,4,18812.48
780,1937,135,4,5391.75
781,160,414,5,24197.02
782,2867,69,3,4707.33
783,2691,711,1,2318.63
784,2140,530,5,16413.2
785,1818,62,2,5378.32
786,109,713,2,10452.13
787,183,113,1,14136.23
788,2233,316,3,3616.76
789,329,466,5,16511.35
790,2248,298,2,8720.2
791,708,771,4,17021.42
792,1856,38,2,15127.41
793,1036,455,3,495.73
794,488,607,5,889.87
795,1931,28,4,17480.17
796,2490,451,2,343.11
797,964,415,4,22780.36
798,1259,124,5,15214.14
799,560,188,2,20606.34
800,1540,487,5,5082.62
801,1868,795,1,10697.51
802,424,790,5,17658.34
803,532,663,5,12712.2
804,2060,224,5,15892.68
805,2613,693,5,3401.36
806,1798,48,4,19660.57
807,2053,211,5,21276.85
808,1177,312,2,9221.72
809,2940,711,5,2403.63
810,2179,516,4,19095.44
811,2871,25,3,22707.76
812,2304,653,3,15961.23
813,735,687,3,712.25
814,466,143,1,15309.24
815,1222,61,3,19722.43
816,96,575,4,18805.92
817,1368,784,1,3692.61
818,817,412,4,12549.16
819,2987,401,2,6243.98
820,841,63,1,6650.46
821,819,167,5,2322.14
822,2459,693,1,3285.61
823,1342,595,5,9089.87
824,1011,522,5,1500.2
825,1340,581,5,22865.56
826,1060,503,1,6522.4
827,1187,429,3,17627.97
828,1550,788,2,4328.45
829,1955,239,4,22444.33
830,1166,756,1,8241.03
831,1026,316,5,3705.33
832,765,415,5,21820.13
833,30,31,2,14515.35
834,1860,606,5,13755.62
835,2362,681,2,24470.59
836,2029,90,2,12140.6
837,581,310,5,23452.78
838,2576,116,3,18341.82
839,44,580,5,24889.02
840,1663,461,1,16384.0
841,1573,614,2,17605.37
842,2239,349,5,23148.06
843,1341,3,3,16978.08
844,2754,622,5,11281.72
845,2986,279,2,11961.35
846,706,525,3,12198.99
847,216,252,1,17516.24
848,1015,711,1,2305.58
849,1210,552,1,755.6
850,285,515,1,19579.07
851,1575,386,3,22591.15
852,863,695,1,6912.64
853,2863,661,5,16851.03
854,2616,774,1,15678.6
855,1248,667,3,459.26
856,2014,595,2,9806.91
857,769,670,5,17568.01
858,356,2,2,1579.82
859,1894,794,1,6238.91
860,821,56,5,18731.95
861,490,423,3,13251.83
862,795,50,2,15972.24
863,2607,645,5,8017.22
864,1659,656,1,3242.59
865,1065,412,2,13242.59
866,2095,616,4,19450.29
867,1494,667,3,456.96
868,374,540,3,8185.55
869,491,31,1,14126.52
870,995,529,5,13707.5
871,2363,348,5,12598.81
872,1003,663,4,12982.38
873,2343,91,1,16842.58
874,989,3,4,18222.48
875,1929,702,1,20335.29
876,1199,395,1,5718.63
877,1172,484,4,8992.78
878,2799,16,5,10618.91
879,338,137,1,7079.17
880,1952,123,4,19978.01
881,2029,776,2,14336.59
882,1748,432,2,14809.01
883,1456,271,3,13872.62
884,1046,334,5,16368.24
885,11,667,2,448.08
886,2947,343,5,23080.25
887,627,497,1,3503.59
888,988,12,3,5949.5
889,895,674,2,15715.81
890,1032,674,3,15575.01
891,201,611,1,13157.99
892,2315,160,2,6026.63
893,1629,255,1,8678.86
894,1141,273,5,10548.99
895,10,722,1,6355.0
896,2530,386,4,21042.21
897,926,773,3,1539.26
898,2732,326,2,1424.17
899,1001,707,3,404.3
900,2878,364,2,3586.54
901,1741,436,3,3020.03
902,2381,82,5,10255.72
903,840,377,3,12382.79
904,2967,249,4,3229.04
905,777,279,5,11943.06
906,2536,122,3,21047.09
907,2984,584,4,8073.35
908,2734,255,5,8855.41
909,438,730,4,800.82
910,221,203,2,22793.8
911,1099,40,4,20724.23
912,1237,475,5,6327.91
913,2158,542,4,10222.88
914,1138,76,2,6823.24
915,2007,318,5,21526.19
916,2119,683,2,2097.99
917,886,52,3,960.21
918,1620,538,4,22081.89
919,2135,421,5,19944.89
920,166,12,4,5710.84
921,168,75,4,15366.2
922,2425,583,5,11431.61
923,106,194,3,17541.6
924,855,605,5,17187.14
925,1627,159,5,1130.82
926,1024,618,5,6787.93
927,2485,329,5,3710.53
928,234,410,5,21007.68
929,1373,728,4,22105.63
930,1713,192,3,9513.0
931,1601,445,1,15230.0
932,1116,253,3,9937.89
933,2320,51,5,23510.5
934,2024,258,5,1609.87
935,39,98,3,12442.99
936,1996,541,2,12564.53
937,636,614,1,17782.61
938,1503,130,4,6722.92
939,66,5,1,12320.5
940,1703,51,4,23468.95
941,1685,151,5,16804.57
942,2043,69,3,4747.33
943,304,678,2,8026.95
944,2158,292,5,3581.85
945,364,308,1,5781.59
946,2638,529,5,13474.69
947,2190,156,5,14145.3
948,2072,34,5,13646.36
949,908,446,3,16043.13
950,157,393,3,17594.94
951,1557,684,2,6876.08
952,2802,12,3,5834.63
953,2156,727,2,13090.75
954,2191,188,2,20423.04
955,2569,238,1,18899.09
956,2737,497,4,3637.42
957,1045,105,5,18958.41
958,145,573,5,9504.1
959,294,583,5,12054.98
960,1390,35,3,15788.99
961,2629,135,1,5021.52
962,1205,675,3,19868.2
963,2504,3,4,17633.15
964,2498,419,1,23146.47
965,1114,441,5,2673.29
966,2724,492,2,14644.59
967,34,668,3,12298.04
968,547,7,3,23008.3
969,1979,315,4,21940.17
970,2845,728,2,21794.65
971,1597,75,2,14645.72
972,1515,634,3,4039.25
973,2697,100,1,7696.61
974,2229,502,4,2251.04
975,816,174,1,465.14
976,1037,359,1,6873.28
977,710,89,5,6433.91
978,1355,184,1,22429.55
979,2137,342,5,16233.49
980,1241,598,5,5909.69
981,397,605,2,16935.02
982,1570,199,2,14469.31
983,165,195,3,10875.64
984,384,301,3,14083.62
985,238,460,3,7308.91
986,1710,1,3,22060.82
987,20,27,4,4747.13
988,367,548,4,2159.31
989,188,794,2,6376.35
990,2073,68,1,14745.43
991,2358,482,4,3089.64
992,272,797,5,17977.98
993,1663,483,1,24410.34
994,1567,705,5,21073.16
995,469,366,1,9164.62
996,2646,245,2,1210.91
997,200,608,3,17749.65
998,255,361,4,15894.59
999,2278,262,1,20367.23
1000,2881,76,5,7130.42
1001,139,522,1,1543.86
1002,1069,558,1,7392.85
1003,2087,98,3,13383.04
1004,1762,463,3,14854.38
1005,2881,635,4,15873.25
1006,2042,255,5,9136.09
1007,836,408,1,12008.22
1008,700,485,1,3624.55
1009,2897,12,5,5607.06
1010,912,13,3,3203.8
1011,2452,320,1,1178.86
1012,210,19,2,4523.27
1013,2025,729,5,5515.66
1014,2973,84,5,17591.42
1015,1256,215,5,11840.49
1016,2175,788,2,4326.04
1017,556,757,1,12697.55
1018,1458,381,5,12625.12
1019,2643,701,3,3915.6
1020,2365,711,1,2352.87
1021,87,547,5,17428.6
1022,227,402,3,6741.5
1023,1895,715,3,20654.95
1024,1081,392,3,22990.89
1025,671,727,5,13309.08
1026,1614,209,2,14233.9
1027,388,428,2,15924.37
1028,2849,195,5,11159.15
1029,2864,308,3,6315.92
1030,535,516,5,18928.32
1031,1425,781,4,9292.19
1032,109,518,5,17252.69
1033,400,44,5,2767.33
1034,882,696,1,7731.17
1035,2078,630,1,21342.64
1036,2899,741,3,17485.39
1037,691,81,1,22631.99
1038,1508,149,4,6308.46
1039,2415,99,3,5343.29
1040,2346,567,3,2849.25
1041,1637,352,2,7832.98
1042,1130,247,2,10375.64
1043,683,115,5,16874.45
1044,2485,34,3,14187.65
1045,418,701,2,3719.74
1046,1080,322,2,12884.2
1047,1688,482,1,3140.91
1048,2084,280,3,12998.08
1049,2272,304,4,24098.15
1050,2750,59,5,6562.41
1051,57,696,2,7988.12
1052,112,202,1,16043.71
1053,458,66,3,22601.74
1054,2869,76,5,6968.45
1055,2309,747,2,5807.43
1056,2787,432,4,15010.17
1057,2067,418,2,11359.79
1058,1617,185,2,19979.62
1059,570,778,5,18977.11
1060,1502,3,3,16929.71
1061,2356,14,2,19154.71
1062,2531,76,5,6771.1
1063,180,133,3,6528.63
1064,77,569,4,17987.1
1065,258,398,5,3497.44
1066,1255,339,1,2728.61
1067,1739,43,4,7131.01
1068,2125,445,1,15344.38
1069,320,133,5,6804.57
1070,1654,90,4,11297.31
1071,1381,9,5,642.09
1072,395,124,1,15101.66
1073,713,601,1,4121.47
1074,420,169,1,11403.9
1075,1430,243,1,2719.35
1076,670,139,1,15374.31
1077,1321,348,2,13291.19
1078,89,786,4,21486.2
1079,2277,583,4,11781.47
1080,2191,376,2,21002.67
1081,603,589,2,18417.16
1082,1898,43,1,7303.65
1083,1684,547,4,17487.67
1084,913,475,3,6419.68
1085,1159,505,3,5160.15
1086,213,264,3,24322.36
1087,2729,605,2,16095.37
1088,1058,293,5,23700.74
1089,1438,289,3,15767.65
1090,1106,231,5,19461.02
1091,265,571,1,6191.66
1092,2262,124,5,14696.78
1093,977,357,3,16531.49
1094,1551,291,3,2640.34
1095,2955,408,4,11398.62
1096,1026,172,5,21585.48
1097,2486,380,2,20184.06
1098,2652,632,4,21043.42
1099,2528,717,4,11769.37
1100,300,241,4,18005.86
1101,351,431,2,21241.05
1102,2196,434,1,16690.96
1103,36,304,4,24438.29
1104,2573,158,4,12463.13
1105,840,416,1,11689.33
1106,2152,362,1,14450.82
1107,464,374,1,20393.59
1108,413,204,1,10430.18
1109,2580,236,1,4946.56
1110,411,97,3,279.42
1111,530,356,5,21128.45
1112,1378,64,3,14689.23
1113,1531,262,3,19243.45
1114,2377,252,5,16846.15
1115,1194,453,5,19734.11
1116,626,727,4,14410.6
1117,1933,750,3,6014.72
1118,528,697,3,3424.43
1119,2967,479,5,8561.27
1120,2087,741,4,16169.34
1121,606,753,1,20244.78
1122,1423,538,5,22916.16
1123,2494,446,3,16067.26
1124,950,415,5,21639.01
1125,1668,339,4,2871.47
1126,1292,568,2,752.94
1127,848,331,5,9496.68
1128,2241,643,5,18324.5
1129,1215,561,1,298.26
1130,612,480,1,9268.53
1131,2156,249,4,3235.77
1132,950,749,1,413.34
1133,2933,251,1,14899.64
1134,2489,103,5,3235.29
1135,1950,27,5,4557.29
1136,1552,501,2,7702.7
1137,614,148,5,23285.08
1138,2921,218,2,17398.93
1139,18,415,3,21742.97
1140,847,191,5,17227.51
1141,2085,330,2,21608.69
1142,330,405,4,23346.24
1143,1027,608,2,18101.24
1144,1046,450,4,19569.91
1145,731,637,2,15162.89
1146,2046,548,3,2112.41
1147,1686,48,2,19178.06
1148,368,187,1,11929.7
1149,925,258,1,1487.18
1150,2697,632,2,21451.68
1151,2912,180,5,21681.14
1152,2463,142,2,20500.39
1153,422,507,1,21969.55
1154,2499,538,2,23776.74
1155,1194,10,4,1786.2
1156,2753,329,1,3555.57
1157,1851,276,3,15267.59
1158,1404,399,1,24180.36
1159,1159,454,3,7895.92
1160,226,707,5,430.24
1161,1922,207,5,6942.54
1162,2789,128,1,16246.29
1163,952,403,3,24035.86
1164,1509,219,2,8485.85
1165,1249,777,4,23722.11
1166,1383,743,2,18230.91
1167,1212,505,4,5056.46
1168,780,224,2,16184.65
1169,1961,425,5,14210.8
1170,2459,35,4,15788.17
1171,2630,306,4,15366.68
1172,1808,454,1,7704.24
1173,645,371,1,17929.07
1174,1953,36,3,3271.12
1175,1056,174,5,465.49
1176,2776,312,2,9158.76
1177,1756,87,1,14821.41
1178,68,726,3,19878.71
1179,1758,136,4,19319.95
1180,527,692,4,10934.66
1181,1363,777,3,22567.08
1182,1485,439,4,21771.74
1183,712,381,5,13115.76
1184,2399,441,2,2581.8
1185,394,41,2,3950.59
1186,1612,196,5,7933.48
1187,2872,366,4,9550.9
1188,1197,269,4,18184.22
1189,2227,290,5,8384.78
1190,918,323,5,8813.02
1191,1715,601,2,3911.84
1192,779,223,5,5480.87
1193,162,585,4,20717.76
1194,1287,555,3,22286.89
1195,892,613,1,8158.0
1196,2009,724,5,12544.27
1197,1549,604,5,12568.72
1198,1712,322,1,13241.39
1199,2012,612,2,6901.14
1200,951,427,4,576.94
1201,2558,131,2,16225.35
1202,1481,605,3,17606.95
1203,288,104,2,8710.17
1204,1749,736,5,665.77
1205,2240,547,1,18681.89
1206,2547,107,3,5502.15
1207,181,576,3,14975.12
1208,1817,17,1,9850.29
1209,2039,187,4,11757.4
1210,2167,716,2,923.83
1211,2148,198,5,17045.17
1212,2169,721,3,13597.88
1213,2446,308,2,6300.99
1214,2900,653,2,15139.27
1215,715,733,4,5780.36
1216,2955,713,4,9892.63
1217,721,526,5,2676.3
1218,142,132,2,23546.52
1219,2602,659,5,1099.69
1220,2297,60,3,21075.38
1221,2890,298,1,8743.1
1222,2702,51,4,22919.64
1223,2656,749,2,420.09
1224,2479,262,5,20446.57
1225,2175,411,3,1206.42
1226,2448,589,5,17617.79
1227,2103,278,4,17272.35
1228,451,696,3,7663.38
1229,1050,704,4,6366.1
1230,737,581,4,21166.98
1231,1748,695,5,6836.96
1232,2736,4,5,16310.01
1233,674,456,2,15558.41
1234,2997,123,1,21704.29
1235,2342,61,5,20196.99
1236,1235,428,1,16243.03
1237,237,136,1,18962.96
1238,1666,331,3,9902.73
1239,2820,751,4,9433.11
1240,1279,417,3,3317.33
1241,2922,682,5,21556.09
1242,1414,331,3,9753.44
1243,1498,368,4,3340.3
1244,1396,177,3,19786.11
1245,646,282,1,10425.33
1246,974,396,5,10788.34
1247,1352,534,4,23968.32
1248,2403,136,3,20180.77
1249,1182,366,1,9098.32
1250,695,362,3,14387.75
1251,1377,158,2,12450.51
1252,1969,310,3,21943.8
1253,1311,525,5,12139.55
1254,2195,304,1,22654.48
1255,71,207,2,6642.71
1256,554,548,4,1973.49
1257,1233,795,2,10944.74
1258,2187,482,1,3225.15
1259,2449,464,1,5614.61
1260,201,419,2,21071.24
1261,1005,638,3,11770.54
1262,2424,275,2,10742.68
1263,338,525,4,11443.81
1264,2943,47,3,22039.12
1265,442,554,5,7206.9
1266,972,229,1,20832.04
1267,2904,796,3,18541.56
1268,1318,218,3,18263.44
1269,898,13,5,3358.93
1270,2971,654,1,9567.53
1271,2165,488,5,14231.88
1272,1366,590,4,9888.0
1273,1993,280,3,13371.33
1274,2413,569,3,18193.97
1275,827,372,4,6963.53
1276,1271,540,1,7804.96
1277,2655,44,4,2778.33
1278,2775,772,4,19731.07
1279,1436,504,3,4820.0
1280,414,15,5,2385.21
1281,151,656,2,3283.33
1282,2433,694,1,14101.02
1283,2852,599,5,11617.6
1284,926,674,4,15213.54
1285,734,735,5,16620.21
1286,629,151,1,16937.73
1287,628,93,3,9582.72
1288,1624,615,2,14814.14
1289,1986,288,5,5566.44
1290,31,18,4,4513.81
1291,1448,320,2,1117.23
1292,1424,99,5,5459.26
1293,1866,681,4,23240.47
1294,1985,546,4,4508.38
1295,1646,625,3,23658.46
1296,281,117,3,1689.64
1297,1115,436,3,3176.48
1298,978,704,5,6431.0
1299,1901,207,1,6622.9
1300,316,773,2,1638.65
1301,726,328,5,2206.1
1302,1018,714,5,9473.39
1303,785,284,1,2882.71
1304,1033,163,2,24043.54
1305,658,226,2,22134.18
1306,2786,440,1,5035.29
1307,1450,370,5,12204.74
1308,1214,638,3,10997.66
1309,770,431,4,21202.12
1310,1539,529,2,12911.27
1311,1460,455,2,484.98
1312,483,394,4,20421.75
1313,2905,605,2,17186.96
1314,2133,658,1,529.24
1315,2402,543,1,18236.59
1316,676,513,2,514.06
1317,2123,151,4,16975.57
1318,2035,349,5,22837.16
1319,474,638,5,11511.17
1320,2051,24,4,4210.63
1321,549,242,2,4238.17
1322,877,148,2,23177.43
1323,246,122,4,20515.06
1324,1287,594,1,13238.12
1325,1756,176,2,22093.69
1326,1863,587,1,9709.34
1327,2849,782,4,12171.12
1328,149,280,5,12886.34
1329,2963,459,1,6412.43
1330,515,566,3,9314.49
1331,2675,458,5,22883.1
1332,208,266,1,4460.57
1333,93,456,4,16057.34
1334,958,322,2,12874.45
1335,2748,80,5,19265.8
1336,643,702,1,20594.23
1337,1883,767,2,11643.05
1338,791,68,3,14580.14
1339,1917,329,4,3660.11
1340,2640,572,5,1849.36
1341,1812,523,5,528.06
1342,1360,643,4,17758.18
1343,1705,564,2,7563.98
1344,2867,564,5,7514.45
1345,1407,211,5,20391.27
1346,1388,160,1,6171.09
1347,822,409,1,12341.66
1348,358,608,4,18928.21
1349,1865,185,1,21284.08
1350,2985,684,5,6677.13
1351,1765,342,1,15905.25
1352,1691,560,1,14166.16
1353,2579,581,5,21927.28
1354,1850,397,1,9965.55
1355,1103,138,1,1236.09
1356,2926,501,1,8286.35
1357,2299,398,5,3361.79
1358,625,122,1,20152.72
1359,1669,136,2,19759.27
1360,2134,151,5,16511.59
1361,646,397,5,10066.09
1362,2974,237,2,5116.4
1363,2283,724,5,12857.64
1364,2857,448,3,5688.27
1365,1219,466,1,16260.74
1366,2713,324,1,18154.25
1367,1008,336,4,5239.65
1368,813,424,5,11684.32
1369,201,231,2,19991.42
1370,1876,708,4,4572.98
1371,2328,499,4,21133.47
1372,235,104,2,9417.47
1373,2584,674,2,15380.97
1374,2894,338,3,5851.73
1375,502,698,3,2620.16
1376,981,34,3,12956.56
1377,1747,96,5,22425.65
1378,2801,618,2,6985.1
1379,2689,728,3,21666.99
1380,1753,319,3,4174.25
1381,1616,551,2,2111.68
1382,1070,79,3,18569.94
1383,2421,495,1,13476.14
1384,367,719,1,15721.02
1385,1827,233,3,6901.15
1386,2151,204,4,10968.38
1387,773,455,1,466.21
1388,1679,769,4,4700.02
1389,830,796,5,18265.78
1390,2396,762,1,7225.81
1391,1718,449,4,10131.93
1392,378,551,1,2290.05
1393,258,146,2,9255.56
1394,2861,310,3,22641.76
1395,1870,525,3,11699.74
1396,2343,485,5,3928.76
1397,606,26,2,17144.97
1398,1431,434,4,17585.13
1399,1766,23,1,11524.2
1400,1517,138,5,1193.87
1401,2982,224,4,15479.24
1402,599,214,1,4808.27
1403,1245,511,3,19000.53
1404,2385,165,5,21271.51
1405,1300,686,2,18405.2
1406,425,240,1,15763.41
1407,2907,573,2,9817.5
1408,331,140,5,14170.24
1409,754,340,5,13527.74
1410,1569,723,3,21608.68
1411,1855,233,2,6427.72
1412,430,93,4,9527.79
1413,450,755,3,588.52
1414,2041,356,3,21346.68
1415,538,598,4,5955.19
1416,1507,25,4,22966.29
1417,665,308,3,6280.47
1418,2554,483,3,22970.1
1419,980,745,1,892.21
1420,825,648,5,17114.15
1421,36,291,1,2683.48
1422,2186,499,3,22288.06
1423,537,625,1,22396.67
1424,2891,453,1,19886.01
1425,2336,166,2,15081.49
1426,2358,681,1,23076.86
1427,1830,566,1,9158.4
1428,1980,294,1,17563.47
1429,2996,782,3,12852.32
1430,733,684,4,6942.46
1431,1148,60,5,20197.82
1432,1389,576,2,15731.37
1433,2353,461,3,14796.97
1434,602,132,5,24443.79
1435,2382,129,5,15236.86
1436,2618,681,2,24467.2
1437,349,790,1,18330.49
1438,301,435,3,12035.99
1439,812,768,1,9364.53
1440,320,662,5,2090.29
1441,256,192,1,9169.05
1442,1007,194,4,17541.89
1443,1932,471,1,16372.76
1444,615,387,4,6003.73
1445,80,80,1,18455.58
1446,2610,321,4,15193.47
1447,2508,285,2,19684.29
1448,939,33,2,14615.52
1449,1548,132,2,24119.09
1450,2541,226,3,21340.91
1451,2037,558,1,6893.95
1452,1649,214,4,5125.33
1453,2941,568,2,809.95
1454,244,500,3,12810.39
1455,2141,17,1,9621.34
1456,1177,464,5,5114.98
1457,325,154,3,2784.85
1458,2200,414,1,22611.61
1459,101,28,5,16892.44
1460,2166,252,3,16369.78
1461,2605,312,4,9422.95
1462,1518,445,3,14966.38
1463,2919,386,1,21297.68
1464,2836,393,2,18228.54
1465,1039,132,4,22968.3
1466,2351,582,5,7728.48
1467,875,366,4,9561.13
1468,2110,649,3,18532.64
1469,2648,777,2,22882.85
1470,265,498,4,19928.95
1471,2896,270,1,8016.6
1472,1133,47,1,20872.79
1473,2317,561,3,286.43
1474,1421,184,3,22911.81
1475,1416,747,2,5962.17
1476,971,278,3,18996.54
1477,2388,262,5,19931.07
1478,589,145,2,13364.09
1479,2332,549,2,7676.75
1480,2879,308,4,6255.02
1481,1968,240,1,15338.44
1482,1236,370,3,12206.34
1483,1521,757,1,12883.43
1484,2698,494,3,7297.71
1485,1262,203,2,23106.85
1486,1433,118,3,19960.54
1487,2420,603,4,11614.58
1488,2194,478,5,922.08
1489,795,219,1,8439.38
1490,1311,705,1,19867.33
1491,1007,598,3,5644.17
1492,347,452,4,6969.07
1493,1342,436,1,3024.04
1494,481,54,5,5265.35
1495,437,515,1,18897.84
1496,1811,741,5,16802.63
1497,2481,250,1,23155.73
1498,722,597,1,13814.99
1499,2193,67,3,10104.57
1500,2143,493,5,7199.52
1501,1770,647,1,22307.61
1502,2307,16,4,11518.61
1503,1877,80,5,19094.8
1504,1617,47,5,21903.38
1505,993,647,5,20905.25
1506,1293,309,2,2029.72
1507,2143,466,1,16549.15
1508,2264,562,1,10138.93
1509,2681,439,5,22317.86
1510,1841,251,1,14241.06
1511,2539,270,2,8368.43
1512,1541,201,1,10881.02
1513,1477,55,2,17963.72
1514,415,190,5,11145.33
1515,308,344,3,21655.52
1516,1062,20,3,20058.44
1517,316,142,2,19114.94
1518,1448,98,1,12563.54
1519,719,158,1,11836.2
1520,762,492,1,13662.16
1521,1275,78,3,15398.52
1522,2777,603,5,11146.01
1523,2124,98,4,12746.31
1524,2774,256,2,2380.4
1525,407,532,2,14581.49
1526,2973,140,3,13027.8
1527,337,328,2,2205.04
1528,1013,602,2,19354.15
1529,178,181,1,17050.69
1530,2729,144,1,21589.12
1531,2994,680,5,16472.76
1532,2720,78,1,16122.87
1533,816,263,5,17776.59
1534,1480,229,5,18991.36
1535,2765,234,2,15562.14
1536,2888,530,4,17071.87
1537,419,120,2,18530.72
1538,2154,751,5,9014.05
1539,765,422,3,19059.78
1540,382,222,3,15541.87
1541,55,410,3,21576.76
1542,872,306,5,16072.08
1543,1927,6,2,17525.4
1544,2847,525,4,11909.4
1545,1357,275,2,10557.56
1546,2208,748,5,20467.01
1547,17,254,4,17824.5
1548,382,652,4,12528.1
1549,2092,249,3,3174.76
1550,327,564,3,7302.83
1551,2099,484,2,8958.59
1552,1494,793,1,3257.29
1553,2106,182,4,11226.27
1554,2009,414,3,23927.51
1555,1654,577,1,22379.24
1556,379,783,4,14692.92
1557,646,379,2,14187.62
1558,1891,524,1,544.12
1559,94,427,4,577.16
1560,1349,273,4,10918.89
1561,2796,379,2,13292.13
1562,2364,596,3,14189.02
1563,2586,453,3,21136.54
1564,429,404,4,17563.5
1565,51,683,2,2144.65
1566,1143,575,5,18678.33
1567,2858,717,4,11452.42
1568,498,650,5,13278.33
1569,1638,348,2,12557.99
1570,2738,208,4,17722.68
1571,1912,607,2,894.89
1572,2411,347,4,16728.12
1573,2101,657,4,13539.46
1574,2642,715,4,22609.8
1575,1643,763,5,13714.14
1576,979,332,3,8721.09
1577,2619,676,3,8653.08
1578,2937,337,5,18950.16
1579,293,253,5,9417.21
1580,1651,104,4,9313.02
1581,465,151,3,16530.03
1582,2905,605,2,17113.48
1583,2285,771,5,18442.3
1584,2527,80,4,18368.0
1585,1397,230,5,15717.27
1586,820,404,5,17448.03
1587,2460,712,4,1100.6
1588,2993,251,1,14430.71
1589,2657,214,4,4693.0
1590,400,61,4,19810.79
1591,948,794,1,6806.06
1592,911,281,5,9630.1
1593,456,494,5,7544.2
1594,1822,20,5,20019.45
1595,1282,396,3,10933.87
1596,2088,121,2,10951.22
1597,1853,293,4,23275.17
1598,1069,607,3,941.58
1599,1568,453,4,19560.73
1600,2954,658,3,555.6
1601,1386,767,5,12293.6
1602,1843,649,2,18597.18
1603,336,720,3,18597.3
1604,1317,416,2,12695.64
1605,2990,196,5,7479.04
1606,211,143,5,15571.55
1607,905,603,3,10987.11
1608,100,405,5,23062.89
1609,1021,681,1,24522.12
1610,1839,113,2,13940.98
1611,464,720,4,19341.9
1612,2247,581,4,20926.67
1613,1724,420,4,18502.78
1614,532,27,4,4714.09
1615,758,564,2,7335.54
1616,1036,226,5,20224.81
1617,887,108,4,21628.2
1618,2560,359,5,6725.61
1619,545,411,2,1219.18
1620,857,279,5,11301.42
1621,2460,773,1,1531.33
1622,743,238,3,19692.63
1623,2850,221,4,9539.26
1624,321,430,4,12754.8
1625,652,211,3,21545.26
1626,576,103,3,3185.97
1627,2540,577,5,23658.2
1628,190,272,1,18384.41
1629,948,73,4,7438.94
1630,1125,222,1,15352.78
1631,161,258,5,1491.43
1632,1925,411,1,1271.13
1633,163,593,5,7972.61
1634,247,86,1,3133.6
1635,818,320,2,1222.62
1636,1871,40,2,21002.81
1637,2500,428,4,17180.55
1638,704,414,5,24378.99
1639,1016,766,1,11770.65
1640,2857,617,1,6597.3
1641,1497,148,1,23900.12
1642,888,789,2,9244.35
1643,315,761,3,16256.2
1644,504,268,2,16479.1
1645,2692,215,3,11606.85
1646,542,436,1,3081.74
1647,2260,580,1,23660.01
1648,214,606,1,13071.81
1649,2072,557,4,3421.02
1650,2148,332,4,8613.53
1651,1512,719,1,15782.56
1652,583,119,2,17508.41
1653,451,723,1,21475.19
1654,846,317,1,19299.21
1655,1161,311,4,14442.37
1656,2830,5,2,13223.76
1657,1930,534,5,23955.24
1658,2264,91,3,16257.97
1659,438,136,5,19714.11
1660,633,648,3,17041.68
1661,1782,497,1,3770.33
1662,2023,623,2,9444.38
1663,610,488,5,14057.39
1664,2458,390,3,16288.54
1665,851,193,5,945.36
1666,2893,568,1,740.05
1667,1058,653,4,15075.51
1668,2577,114,4,21478.51
1669,2741,592,3,2456.04
1670,1196,657,2,12517.57
1671,343,291,1,2454.81
1672,1333,244,1,12800.83
1673,1867,224,3,14738.94
1674,2339,612,4,7522.26
1675,2414,190,4,10713.65
1676,586,562,3,10883.44
1677,1667,346,2,6140.96
1678,2198,180,4,22757.6
1679,789,77,1,10170.15
1680,372,373,3,3033.37
1681,2852,67,4,10493.16
1682,1652,612,5,7001.53
1683,2243,539,3,7151.47
1684,1470,620,3,20625.82
1685,1733,613,2,8795.54
1686,754,32,3,2849.42
1687,1692,644,3,1745.08
1688,994,357,4,15974.31
1689,1948,373,5,2972.51
1690,2247,150,2,13101.9
1691,28,742,1,15780.08
1692,71,400,4,12884.33
1693,232,670,3,18170.68
1694,2965,27,3,4568.44
1695,915,9,4,606.95
1696,2234,44,1,2805.32
1697,2738,670,3,17602.94
1698,781,228,1,18570.9
1699,2093,388,5,15130.25
1700,761,432,2,14178.47
1701,1611,718,5,2200.59
1702,662,106,1,18814.95
1703,293,654,4,9163.84
1704,2392,614,1,18787.94
1705,520,778,1,19199.62
1706,2758,550,2,10090.15
1707,380,418,2,10576.67
1708,700,738,1,16106.91
1709,1966,676,2,8404.07
1710,694,147,5,22643.59
1711,2908,180,5,21391.69
1712,1885,14,5,18228.67
1713,1267,335,2,14709.49
1714,681,367,5,22757.91
1715,1173,305,1,8475.05
1716,17,95,1,1650.84
1717,1396,568,3,774.03
1718,2835,119,2,16615.21
1719,2389,105,1,18944.56
1720,2126,356,1,21992.39
1721,585,793,3,3208.31
1722,2242,799,4,4904.43
1723,768,169,5,11155.66
1724,1781,8,4,10561.37
1725,2551,655,3,22138.08
1726,575,570,1,16196.52
1727,428,476,5,1815.51
1728,883,131,5,15013.1
1729,992,75,1,15283.3
1730,1653,105,5,17708.45
1731,783,730,3,786.48
1732,2221,80,5,18846.04
1733,1592,778,2,19808.41
1734,1218,523,1,537.13
1735,2374,269,3,17699.39
1736,2742,420,4,17203.02
1737,1954,644,2,1766.89
1738,2071,180,1,22528.54
1739,2036,691,5,2443.58
1740,2994,229,1,19585.03
1741,760,775,3,7195.92
1742,895,573,1,9780.11
1743,1796,233,4,6696.22
1744,904,792,1,20393.62
1745,2356,100,2,8353.09
1746,2305,636,4,1329.23
1747,1302,246,4,15485.51
1748,2924,15,3,2511.22
1749,1026,566,3,9454.92
1750,550,505,3,5123.17
1751,974,314,1,8743.5
1752,1338,285,2,19212.02
1753,2184,755,1,638.18
1754,1289,618,4,7021.7
1755,1795,51,3,22120.22
1756,929,157,5,3113.09
1757,1769,557,4,3404.41
1758,2408,69,1,4575.45
1759,1774,431,4,21083.6
1760,2857,464,3,5283.61
1761,1383,45,1,6721.88
1762,1155,148,4,22602.69
1763,2729,229,4,20165.88
1764,2050,71,3,10419.71
1765,1491,566,1,8678.42
1766,1897,226,1,21115.17
1767,2357,200,4,22201.04
1768,2601,631,5,14392.02
1769,547,628,4,11567.34
1770,339,309,4,2126.13
1771,2197,511,2,18739.44
1772,2813,10,5,1776.74
1773,831,189,2,17639.2
1774,2018,257,2,17184.28
1775,1084,525,1,12335.53
1776,2691,281,1,9470.65
1777,1738,130,3,6798.11
1778,2314,339,3,2685.97
1779,1861,408,5,11337.76
1780,2985,548,3,2038.79
1781,162,289,5,15771.52
1782,1720,394,2,21872.57
1783,2723,577,4,21769.35
1784,1413,285,2,18796.74
1785,1546,63,2,7070.99
1786,2268,219,2,8922.74
1787,2817,636,3,1390.3
1788,415,299,3,13691.94
1789,2851,228,1,17334.92
1790,1219,551,2,2209.26
1791,1880,232,1,20931.98
1792,1091,144,5,22394.9
1793,9,189,5,17378.79
1794,384,454,2,7613.76
1795,2007,303,2,12180.82
1796,1592,135,1,5141.38
1797,2369,418,4,10978.7
1798,383,788,2,4387.16
1799,1007,368,2,3425.4
1800,2465,416,4,12294.9
1801,2057,487,1,4952.87
1802,274,130,3,7276.34
1803,491,221,1,9463.62
1804,2632,601,2,4081.83
1805,694,310,5,23665.49
1806,2532,367,1,21794.28
1807,2818,47,4,20598.5
1808,1761,600,1,8819.57
1809,1954,246,2,14864.85
1810,779,634,2,3891.22
1811,1978,499,1,21974.54
1812,1808,3,1,17688.97
1813,1231,189,5,17465.57
1814,2944,441,1,2685.77
1815,663,189,3,16974.16
1816,1544,736,3,673.7
1817,1681,66,5,23443.09
1818,638,363,5,15666.22
1819,1484,745,4,914.55
1820,492,637,2,15167.93
1821,1310,293,3,23140.05
1822,2716,223,2,5505.68
1823,2833,85,4,13512.72
1824,1276,480,4,9405.16
1825,2146,548,1,2032.12
1826,201,386,3,22071.61
1827,1266,295,2,3684.35
1828,642,758,1,14337.47
1829,1217,776,3,13191.23
1830,1105,630,1,22190.77
1831,1506,687,4,742.24
1832,2935,439,4,22444.87
1833,2724,349,1,22916.1
1834,1279,675,4,20732.25
1835,1304,778,4,18351.63
1836,1052,28,5,16884.92
1837,2035,89,3,6246.07
1838,1055,57,4,23584.15
1839,1391,739,5,6929.77
1840,2049,136,2,18901.05
1841,2799,117,4,1766.38
1842,2757,561,4,287.12
1843,546,645,4,8550.88
1844,685,210,3,5897.22
1845,2032,155,2,20037.83
1846,2472,127,5,376.34
1847,2468,160,1,6288.17
1848,2388,388,5,15243.44
1849,3,663,5,12626.92
1850,14,226,4,20164.55
1851,2859,293,2,22852.95
1852,1363,198,1,15451.91
1853,842,765,2,2420.22
1854,2634,345,2,6175.59
1855,12,551,5,2297.97
1856,84,153,2,16719.81
1857,301,75,2,14122.18
1858,606,448,3,5683.51
1859,182,642,5,7818.88
1860,2405,390,5,15212.31
1861,1709,491,5,12308.9
1862,2128,106,4,20185.17
1863,889,207,4,6561.47
1864,2796,584,1,7979.93
1865,790,350,2,1704.19
1866,2041,143,1,14361.39
1867,1927,798,3,18895.54
1868,811,32,4,3067.79
1869,2350,168,4,20329.12
1870,2553,189,4,17098.24
1871,2778,226,3,20119.76
1872,772,148,4,22047.38
1873,1884,287,3,10043.67
1874,1326,226,2,21064.07
1875,1286,375,4,15597.08
1876,2809,770,4,6436.79
1877,617,421,3,19756.33
1878,854,524,3,542.37
1879,1941,164,2,10976.46
1880,2823,592,3,2600.37
1881,2039,124,1,14255.03
1882,2116,641,2,1779.22
1883,511,424,5,10904.02
1884,1239,582,4,7368.77
1885,628,547,3,19065.2
1886,1179,147,1,24421.51
1887,1546,785,2,13780.35
1888,802,428,4,15888.43
1889,884,237,3,5352.09
1890,904,629,4,13179.06
1891,75,221,3,9315.32
1892,2218,276,2,15177.45
1893,2507,590,1,10067.94
1894,522,673,3,4254.47
1895,173,191,2,16994.6
1896,278,300,4,21515.28
1897,1595,707,1,415.24
1898,588,354,4,8770.97
1899,1191,475,2,6067.76
1900,2896,533,3,20517.77
1901,2815,54,4,4846.37
1902,741,236,5,5002.48
1903,2128,96,3,22364.95
1904,1911,697,2,3452.61
1905,271,198,4,16486.13
1906,614,160,1,6324.79
1907,2998,716,3,941.95
1908,173,735,4,17046.47
1909,1072,785,4,12736.03
1910,1905,202,4,16360.29
1911,2993,688,2,183.51
1912,1017,533,4,19464.91
1913,1319,116,1,19575.83
1914,2388,156,1,14670.53
1915,1967,51,5,21961.62
1916,2384,275,2,10170.02
1917,1797,260,5,22286.11
1918,276,771,2,17755.53
1919,1639,463,5,15030.26
1920,2974,522,2,1642.03
1921,826,708,5,4873.33
1922,2756,511,1,19491.59
1923,2018,391,1,1156.29
1924,1723,656,3,3294.84
1925,2622,293,4,23496.3
1926,1813,614,2,17528.68
1927,90,380,4,20530.48
1928,832,733,1,5405.07
1929,752,193,2,965.14
1930,2295,379,1,14239.02
1931,1027,221,3,8704.65
1932,29,669,1,8524.59
1933,465,340,3,13561.27
1934,2052,487,3,5158.9
1935,2069,544,1,845.51
1936,2696,50,2,17600.34
1937,416,752,5,11878.53
1938,561,776,1,13320.37
1939,909,654,1,8824.99
1940,167,63,3,6537.13
1941,1163,357,4,16280.94
1942,2192,522,3,1499.5
1943,2639,219,3,8491.97
1944,1678,650,1,12893.24
1945,1961,662,2,2110.97
1946,2477,470,3,12612.46
1947,2254,52,2,945.17
1948,1371,655,1,20240.58
1949,2457,413,5,7052.34
1950,1109,391,3,1108.82
1951,2338,499,4,21849.18
1952,404,37,1,23147.97
1953,508,623,1,8672.34
1954,1166,474,1,10947.28
1955,60,621,5,3668.32
1956,2172,662,2,2112.4
1957,2054,106,4,19002.99
1958,1941,375,5,16624.99
1959,447,435,5,12046.28
1960,1088,116,1,18753.31
1961,1958,482,4,3128.48
1962,1535,594,5,12205.23
1963,1193,204,2,10828.13
1964,326,488,1,14583.94
1965,2660,29,3,1391.8
1966,2480,550,2,10501.5
1967,84,262,3,20449.09
1968,2779,69,5,4555.6
1969,1772,336,4,5346.83
1970,2127,559,3,21835.59
1971,612,246,2,15456.85
1972,962,608,5,17915.12
1973,152,164,4,11120.19
1974,1521,146,1,9091.66
1975,1405,796,4,17758.64
1976,364,45,1,6923.73
1977,1810,553,3,14904.85
1978,1399,439,5,21921.11
1979,35,214,1,5044.56
1980,2800,796,2,17133.36
1981,166,528,3,18320.81
1982,2593,474,2,11033.64
1983,1335,394,4,21335.29
1984,47,663,2,12475.15
1985,1393,72,3,7800.53
1986,2437,728,1,21435.9
1987,1784,129,5,15181.05
1988,1661,308,4,5839.18
1989,1899,245,1,1203.53
1990,2718,479,2,9399.92
1991,2927,8,5,11274.04
1992,1103,484,2,9465.87
1993,1198,9,4,656.93
1994,2985,230,5,17069.92
1995,16,171,4,6646.12
1996,729,481,4,3073.2
1997,2420,774,1,15709.46
1998,936,779,5,22960.59
1999,902,327,2,22650.5
2000,1697,493,5,7588.84
2001,342,204,1,11249.59
2002,473,63,1,6679.01
2003,1219,85,2,12703.84
2004,1864,145,3,12813.69
2005,1465,303,3,12039.5
2006,1761,695,1,6916.38
2007,118,675,4,21163.44
2008,2920,709,4,14693.65
2009,1398,97,5,291.6
2010,252,729,4,5988.92
2011,404,695,5,7089.32
2012,811,487,1,4942.32
2013,2328,727,5,13638.47
2014,834,791,4,8035.46
2015,97,467,4,15855.71
2016,934,622,5,11972.51
2017,2803,387,5,6284.87
2018,856,200,3,22329.12
2019,139,17,1,9764.16
2020,1031,376,2,19519.76
2021,2040,289,2,15864.05
2022,1556,389,3,14786.27
2023,1188,470,5,12407.51
2024,2578,712,2,1105.3
2025,2962,91,5,16229.22
2026,398,265,2,23200.73
2027,1552,721,1,12940.64
2028,764,371,3,18395.25
2029,500,250,4,22504.35
2030,212,117,3,1769.06
2031,2422,656,5,3125.99
2032,2558,337,1,18942.65
2033,261,99,1,5081.16
2034,1906,726,2,19247.56
2035,2167,32,5,2826.49
2036,736,411,3,1218.27
2037,1776,735,2,17371.99
2038,899,480,3,9103.38
2039,2634,570,2,15558.47
2040,3,296,5,18942.64
2041,269,212,3,929.37
2042,784,92,5,20525.09
2043,1869,291,5,2543.2
2044,2122,584,1,7928.1
2045,2839,394,2,22175.51
2046,2464,728,5,23212.4
2047,1920,649,4,19517.2
2048,2928,696,2,7902.57
2049,2320,24,2,3855.96
2050,852,507,2,22455.93
2051,148,418,4,10775.38
2052,2073,798,5,17868.77
2053,2250,403,5,22467.26
2054,2639,607,2,961.36
2055,42,511,2,18673.09
2056,804,41,1,3943.52
2057,2379,753,2,18714.4
2058,1727,401,1,6175.7
2059,2895,683,4,2248.43
2060,450,328,1,2142.52
2061,540,573,3,9381.89
2062,2542,147,4,24448.85
2063,2065,411,2,1239.82
2064,1996,661,2,17569.5
2065,1142,328,4,2199.67
2066,2805,223,4,5423.96
2067,364,781,2,9609.96
2068,1033,92,1,20234.59
2069,2253,39,5,12230.0
2070,637,610,5,19031.6
2071,555,567,4,2837.37
2072,937,745,1,936.53
2073,523,318,5,21856.38
2074,74,178,5,13355.5
2075,876,237,3,5350.36
2076,70,286,1,10270.75
2077,2343,615,2,15279.05
2078,2969,52,5,1018.08
2079,719,51,3,22940.32
2080,1953,649,4,18653.75
2081,2341,91,2,17470.88
2082,2606,404,2,17227.6
2083,394,659,1,1084.06
2084,2488,85,2,13980.59
2085,1906,691,4,2343.53
2086,1359,358,5,16948.36
2087,1131,470,3,13174.61
2088,2086,4,3,16398.16
2089,1114,226,1,22183.98
2090,234,91,1,17844.89
2091,1491,698,5,2760.86
2092,634,691,2,2217.6
2093,1538,628,4,11818.0
2094,2950,208,5,17636.83
2095,885,516,3,19078.85
2096,2454,97,5,284.2
2097,969,128,3,16491.96
2098,2310,433,5,12942.93
2099,207,418,3,11100.74
2100,108,776,1,13492.07
2101,1564,498,4,20148.54
2102,386,101,5,19974.73
2103,686,408,2,12022.65
2104,1925,556,2,4104.39
2105,2609,242,4,4276.07
2106,1282,681,3,22144.62
2107,335,747,4,5990.88
2108,2435,656,2,3244.52
2109,2532,412,2,13330.74
2110,867,189,4,17074.96
2111,1789,455,5,491.53
2112,2316,528,1,19048.04
2113,460,705,2,20205.32
2114,1954,407,1,5468.64
2115,1777,333,2,18205.3
2116,2131,657,5,13282.17
2117,2296,732,5,7804.49
2118,18,1,4,21591.53
2119,870,598,2,5962.08
2120,1140,580,5,22713.44
2121,1445,332,3,9109.2
2122,1964,492,4,13735.99
2123,984,331,5,9837.8
2124,406,390,3,14908.75
2125,690,193,5,976.37
2126,2635,760,5,1336.42
2127,1371,31,1,14814.82
2128,85,298,1,9101.91
2129,2476,112,4,22506.23
2130,925,565,5,16917.47
2131,2361,72,2,7625.0
2132,1411,361,4,16168.36
2133,373,96,5,22554.44
2134,2786,83,1,12238.19
2135,1823,316,5,3771.78
2136,2502,58,3,4502.93
2137,2188,5,5,12179.97
2138,2794,277,5,1466.6
2139,1890,186,5,17582.81
2140,1555,575,4,18005.9
2141,1048,475,1,6231.46
2142,319,658,1,551.96
2143,1340,604,2,11462.02
2144,631,105,2,17807.97
2145,27,14,1,18947.83
2146,1033,401,1,6452.36
2147,1875,176,5,22753.15
2148,2559,24,4,4097.69
2149,35,616,3,18633.53
2150,734,186,2,16308.75
2151,1717,194,4,17967.7
2152,2521,122,5,19216.98
2153,1024,173,1,18038.95
2154,218,511,2,18129.82
2155,1785,140,3,14106.28
2156,687,395,4,5698.3
2157,1168,719,5,15235.31
2158,1163,245,4,1220.89
2159,701,753,3,20733.7
2160,360,715,3,21573.52
2161,763,707,1,438.49
2162,1325,781,3,9113.63
2163,1848,680,5,15814.31
2164,2704,418,4,10649.78
2165,2874,738,4,16850.37
2166,1371,505,2,5000.08
2167,2447,312,3,9453.17
2168,27,225,3,7196.89
2169,2673,68,3,14272.25
2170,901,440,5,5158.56
2171,1201,679,4,19340.23
2172,2545,527,2,4755.32
2173,1573,275,5,9964.84
2174,1440,304,5,24135.32
2175,776,235,3,19021.97
2176,2417,440,2,5096.24
2177,58,507,2,21579.61
2178,1781,402,3,7006.63
2179,1853,247,2,9700.09
2180,2614,679,4,19585.91
2181,1696,538,4,21649.26
2182,2544,521,5,16466.11
2183,1659,163,4,24354.47
2184,150,625,5,21906.53
2185,191,665,3,5790.02
2186,2010,747,4,6062.27
2187,164,708,3,5005.89
2188,131,33,3,13466.91
2189,12,742,3,15552.19
2190,286,62,3,5686.54
2191,2831,33,5,13692.39
2192,2387,276,4,15830.74
2193,2555,751,1,8816.3
2194,2571,202,3,15582.34
2195,2382,777,5,23165.65
2196,613,581,1,22327.8
2197,771,458,2,24335.46
2198,21,502,2,2409.68
2199,2204,605,3,16497.22
2200,1044,354,1,8336.75
2201,2544,30,1,22636.0
2202,109,344,5,21836.57
2203,1171,113,3,13068.29
2204,753,136,1,19381.74
2205,1603,352,1,7719.16
2206,2480,576,1,15110.9
2207,756,352,2,7900.42
2208,1283,143,4,15154.73
2209,1925,791,2,8395.87
2210,1548,769,4,4604.91
2211,2361,777,3,21811.59
2212,2618,739,1,6969.39
2213,1369,245,3,1175.58
2214,1015,282,2,10881.68
2215,1730,190,4,11600.73
2216,2232,153,5,16256.44
2217,33,692,4,11434.31
2218,2533,684,3,6738.63
2219,2386,53,5,3105.88
2220,1104,229,5,19182.11
2221,2971,733,3,5544.34
2222,1878,351,1,6891.0
2223,2011,775,4,7558.89
2224,2220,619,1,23074.81
2225,2561,332,1,8594.13
2226,85,682,3,20249.33
2227,2407,367,3,23148.81
2228,1536,226,4,21529.19
2229,1257,784,4,3534.25
2230,1184,191,5,17094.92
2231,2955,426,4,18922.4
2232,893,453,3,19989.53
2233,514,144,1,22947.27
2234,1094,488,3,14949.92
2235,2052,737,2,20678.83
2236,1962,264,1,22354.24
2237,990,435,1,11486.0
2238,988,539,1,7216.15
2239,1077,671,4,12367.51
2240,797,15,5,2461.87
2241,1800,61,4,19565.25
2242,1324,86,5,3405.38
2243,50,247,1,10517.41
2244,302,241,5,18985.35
2245,2602,76,4,7093.98
2246,2243,61,3,19083.97
2247,48,730,3,827.2
2248,1630,605,5,16271.55
2249,919,129,4,15294.61
2250,2715,693,1,3449.66
2251,1995,779,2,22930.71
2252,750,235,5,19543.76
2253,243,544,1,824.93
2254,137,353,1,11506.01
2255,2858,666,2,13916.89
2256,877,379,5,14106.53
2257,258,411,3,1193.52
2258,2311,696,2,7693.71
2259,158,740,2,18056.85
2260,1395,262,2,20083.85
2261,437,786,3,20791.62
2262,998,478,2,901.66
2263,1418,66,1,23391.04
2264,1472,300,5,20521.12
2265,2235,293,3,21872.36
2266,1627,88,5,11063.43
2267,1380,208,3,17265.1
2268,907,630,3,20636.14
2269,1555,87,1,14891.16
2270,1638,161,5,13722.83
2271,2952,122,1,19867.12
2272,295,418,2,11141.79
2273,264,118,4,19771.73
2274,1165,400,3,13837.44
2275,2974,463,2,15793.24
2276,658,522,1,1626.06
2277,1755,145,5,12733.18
2278,635,55,5,18537.94
2279,1000,634,2,3754.8
2280,517,608,5,18077.58
2281,1427,581,1,22534.81
2282,2070,454,2,8099.24
2283,702,446,4,14870.15
2284,1614,28,3,16842.13
2285,2149,527,4,4667.3
2286,50,453,3,19906.43
2287,2321,610,5,20279.85
2288,2622,83,3,12265.39
2289,1180,58,3,4272.71
2290,2953,53,1,3253.62
2291,2560,182,1,10269.29
2292,198,662,4,2170.01
2293,2511,534,2,23362.55
2294,945,569,5,18043.58
2295,344,219,3,8904.99
2296,1500,57,2,23418.81
2297,32,516,4,18072.89
2298,2960,407,1,5077.38
2299,2256,798,1,18123.29
2300,2499,620,2,20119.13
2301,529,702,4,20251.99
2302,784,305,1,8978.94
2303,2366,741,2,16376.68
2304,276,435,5,11475.49
2305,2017,46,1,17042.42
2306,2853,563,2,7669.09
2307,2193,74,1,13747.97
2308,1795,322,1,12405.19
2309,796,288,4,5124.46
2310,1392,559,3,21629.6
2311,1803,3,1,16935.09
2312,2830,674,5,15497.44
2313,979,242,2,4046.14
2314,167,564,2,7706.9
2315,653,79,4,19510.49
2316,168,742,4,15390.54
2317,369,10,2,1825.64
2318,2369,693,1,3345.93
2319,804,719,4,16104.38
2320,2284,756,4,8298.37
2321,1711,478,5,900.36
2322,301,314,4,8636.94
2323,44,189,1,16369.83
2324,1988,363,2,15281.99
2325,1464,716,1,988.85
2326,2162,486,1,19164.61
2327,1269,445,2,15177.41
2328,2727,374,1,22020.06
2329,747,688,5,183.31
2330,554,329,1,3499.17
2331,272,470,1,12850.93
2332,3,83,1,12288.72
2333,1083,599,1,12358.77
2334,341,659,3,1066.97
2335,1098,373,4,3071.4
2336,2496,146,5,9021.86
2337,958,347,4,18092.83
2338,2714,615,2,15006.85
2339,1664,511,1,18565.01
2340,98,457,1,12550.66
2341,2313,692,5,10966.1
2342,1833,769,2,4713.1
2343,2910,247,5,10049.31
2344,852,110,2,23090.69
2345,1971,784,4,3839.08
2346,1209,452,5,6657.2
2347,2155,26,3,16348.88
2348,583,213,4,20702.83
2349,79,558,5,7202.05
2350,389,294,1,17445.36
2351,1589,144,2,22993.77
2352,2079,735,3,17368.03
2353,1896,71,3,10103.87
2354,260,401,4,6236.56
2355,342,435,2,11744.15
2356,409,1,3,23125.23
2357,214,114,1,23087.66
2358,1393,427,1,600.99
2359,2419,179,1,6576.04
2360,1347,303,5,11706.96
2361,1885,616,4,20346.57
2362,1304,755,4,597.49
2363,2887,426,3,19497.08
2364,2583,257,4,17371.94
2365,2155,552,5,753.45
2366,2216,523,4,536.98
2367,140,222,4,16160.35
2368,40,799,2,4447.63
2369,1921,285,5,18497.73
2370,150,700,5,7749.38
2371,844,234,4,16169.3
2372,654,707,1,436.65
2373,1627,591,2,6887.95
2374,2654,149,5,6130.24
2375,328,660,2,6893.08
2376,1444,60,4,20360.81
2377,2615,229,3,18914.96
2378,1840,271,1,14033.95
2379,2651,703,2,23195.32
2380,1612,84,5,18424.83
2381,206,132,5,22815.54
2382,1134,492,1,14285.74
2383,1663,21,1,15597.67
2384,1825,458,5,23986.92
2385,218,411,1,1254.9
2386,1895,492,3,14523.7
2387,186,539,5,7381.5
2388,2754,745,5,921.88
2389,1492,591,4,6992.24
2390,2590,596,5,14637.56
2391,1663,615,1,14788.11
2392,1190,139,1,15185.54
2393,1568,114,3,22477.24
2394,2642,420,3,18499.58
2395,2527,365,5,3200.63
2396,733,567,5,2841.4
2397,81,105,1,17984.85
2398,2242,505,2,5144.26
2399,800,702,3,19680.72
2400,2469,250,1,24849.47
2401,2598,205,1,2567.39
2402,1228,473,3,3371.49
2403,149,460,2,7458.07
2404,898,772,4,18419.07
2405,2245,612,3,7252.79
2406,2170,224,4,16143.33
2407,2151,520,1,9450.36
2408,2812,217,5,19839.08
2409,2849,728,5,22567.18
2410,1784,600,1,9096.3
2411,1362,171,1,6184.96
2412,1119,213,1,21615.61
2413,1671,437,4,19151.07
2414,543,700,2,7120.07
2415,2857,228,2,17519.82
2416,1971,124,2,13902.82
2417,621,629,5,12828.58
2418,2820,593,1,8048.02
2419,992,47,3,21943.83
2420,2147,58,2,4365.8
2421,1049,168,5,20251.94
2422,1794,303,3,12073.8
2423,1475,341,5,174.23
2424,2439,712,4,1199.35
2425,1792,241,5,19617.07
2426,2462,562,1,10150.42
2427,282,286,2,10566.33
2428,877,158,2,12474.43
2429,2512,796,3,17322.42
2430,980,279,1,12301.9
2431,2300,718,2,2172.07
2432,1441,69,3,4791.62
2433,630,432,2,15164.34
2434,2566,109,2,3821.22
2435,1839,416,1,11677.08
2436,1057,556,4,4027.66
2437,146,613,3,8246.41
2438,673,101,2,20454.55
2439,2129,569,3,18611.04
2440,339,97,3,278.42
2441,149,795,1,10685.05
2442,1274,9,4,645.65
2443,2685,534,3,23887.22
2444,2917,637,1,15864.46
2445,579,439,3,21637.96
2446,2808,594,5,12553.86
2447,361,645,3,8801.26
2448,1694,33,5,14901.82
2449,474,626,5,18068.7
2450,1935,720,1,18829.02
2451,1240,652,2,12142.2
2452,1054,779,1,23272.04
2453,2374,521,1,16068.78
2454,539,212,2,975.49
2455,1412,482,2,3292.81
2456,6,464,1,5343.91
2457,2044,140,1,13664.2
2458,1841,232,3,22499.9
2459,251,724,2,12382.43
2460,2430,667,2,448.28
2461,1693,753,3,18866.4
2462,1919,632,5,22966.43
2463,1326,740,2,19452.08
2464,1462,63,4,6842.5
2465,2173,252,2,17581.53
2466,930,445,3,15242.17
2467,839,15,1,2530.98
2468,606,103,3,3272.13
2469,2302,173,3,19534.2
2470,1886,567,3,2728.38
2471,2833,685,1,8517.79
2472,2066,287,2,9907.75
2473,607,773,3,1500.12
2474,1051,616,3,19224.12
2475,1982,360,1,7081.43
2476,1702,754,5,10711.94
2477,1415,67,3,10310.07
2478,1286,281,1,9629.24
2479,2432,590,3,9853.5
2480,1763,507,3,21026.59
2481,291,553,5,14571.08
2482,1894,198,4,15450.01
2483,135,319,2,3889.15
2484,927,333,1,19190.38
2485,1299,639,1,16209.8
2486,2541,184,4,24179.13
2487,2645,684,1,6676.61
2488,2577,205,3,2627.64
2489,2918,632,3,21343.08
2490,932,592,5,2675.88
2491,1486,37,2,21474.49
2492,179,392,4,22375.87
2493,2020,680,4,16206.77
2494,1751,794,2,6550.65
2495,1398,240,2,15810.18
2496,1268,96,5,21885.28
2497,1700,67,5,10710.7
2498,448,197,5,10501.82
2499,1900,637,2,16082.81
2500,730,313,2,2294.41
2501,1230,647,2,20846.87
2502,5,388,4,15169.56
2503,1523,525,2,11708.28
2504,2353,196,2,8051.38
2505,476,691,5,2348.18
2506,2373,236,2,4859.52
2507,2510,484,3,8715.69
2508,2304,756,5,8109.09
2509,1440,627,3,19387.99
2510,2300,520,4,10165.08
2511,1576,371,3,17808.13
2512,1973,256,5,2217.93
2513,2245,636,2,1372.89
2514,2989,352,1,7552.78
2515,2222,210,3,6264.04
2516,1596,23,5,12049.53
2517,297,168,5,20850.03
2518,2856,536,5,1305.58
2519,559,624,3,12806.32
2520,2607,492,1,13880.74
2521,21,438,5,1180.24
2522,1854,433,3,13074.67
2523,2903,331,5,9097.84
2524,660,482,4,3091.89
2525,749,265,4,21203.51
2526,2117,563,5,7470.19
2527,225,39,5,13237.53
2528,727,349,3,22405.46
2529,2946,521,4,16327.05
2530,1694,282,3,11273.45
2531,21,626,4,17703.75
2532,1147,529,4,13381.03
2533,1344,604,5,12216.08
2534,2503,265,4,20952.08
2535,2294,718,1,2203.5
2536,668,658,1,557.51
2537,2934,444,5,15457.79
2538,728,268,5,15562.37
2539,2410,85,1,12638.22
2540,2724,777,2,23260.45
2541,558,267,4,8076.7
2542,866,402,4,7236.08
2543,704,429,4,17207.2
2544,1882,1,3,21092.23
2545,217,746,5,2579.04
2546,1127,21,1,15348.87
2547,1680,679,3,19147.57
2548,2119,741,2,16313.44
2549,900,711,2,2428.28
2550,1636,377,5,12648.78
2551,1066,446,5,15528.03
2552,204,20,3,18862.26
2553,74,18,3,4803.72
2554,1007,419,5,22807.63
2555,1,235,4,18407.75
2556,1006,47,2,22250.88
2557,1504,768,3,9683.46
2558,2562,575,4,17471.51
2559,580,720,5,19081.63
2560,2806,340,4,13175.53
2561,172,35,2,15668.32
2562,518,699,2,3005.05
2563,2072,723,4,21127.54
2564,1940,177,4,20630.78
2565,2975,309,5,2173.74
2566,2661,74,4,13593.72
2567,1992,256,5,2331.58
2568,1528,587,2,10486.04
2569,2972,417,5,3508.48
2570,298,688,4,171.35
2571,2268,525,3,11645.85
2572,432,738,1,15930.37
2573,1597,82,2,9862.97
2574,1092,592,4,2571.69
2575,2470,87,5,14834.03
2576,1083,2,3,1532.65
2577,219,516,3,17489.44
2578,2848,726,4,19330.54
2579,305,537,4,13812.11
2580,2407,50,2,16602.21
2581,2099,425,2,13261.1
2582,1370,199,4,14096.11
2583,1956,312,3,8760.37
2584,2471,610,3,19378.18
2585,578,800,5,911.33
2586,445,757,2,12689.42
2587,645,551,1,2243.79
2588,2516,155,2,19082.68
2589,1785,451,4,345.64
2590,565,732,1,7398.14
2591,1650,226,1,21945.13
2592,2426,309,3,2146.25
2593,2776,473,4,3389.78
2594,2730,178,4,13696.87
2595,1149,398,2,3699.04
2596,607,456,5,15747.5
2597,2259,43,5,7296.8
2598,2220,568,5,776.98
2599,396,508,3,22395.43
2600,2508,792,3,20278.96
2601,2576,701,3,3924.43
2602,2467,293,5,23106.52
2603,1578,142,5,19250.42
2604,1216,195,4,10895.92
2605,2000,260,1,24123.43
2606,566,246,4,15151.52
2607,2295,430,5,12515.11
2608,1192,26,3,17237.02
2609,1872,24,4,3995.77
2610,1994,364,1,3442.21
2611,1887,456,3,15555.69
2612,2847,91,1,16660.44
2613,1006,483,2,23613.46
2614,2755,213,1,21894.12
2615,1375,60,1,21045.01
2616,793,48,5,20450.21
2617,1889,757,1,13464.14
2618,100,382,4,22750.44
2619,2706,519,2,915.46
2620,1840,298,3,8701.63
2621,1528,538,3,23212.31
2622,24,433,3,12961.46
2623,2267,185,2,21132.55
2624,2208,134,4,7535.73
2625,1240,33,1,14717.41
2626,913,38,3,14754.17
2627,503,585,1,19275.97
2628,509,754,2,11154.17
2629,1812,599,3,12618.55
2630,2365,80,1,19385.38
2631,2791,784,5,3675.9
2632,281,606,4,13963.78
2633,2644,83,1,11872.72
2634,1469,700,3,7422.74
2635,1768,767,4,12042.67
2636,544,284,4,2839.28
2637,357,320,3,1170.31
2638,829,436,1,3023.05
2639,1548,783,4,14030.11
2640,970,685,1,8632.5
2641,622,473,5,3227.07
2642,96,688,4,177.9
2643,1545,151,5,15580.13
2644,1862,382,2,22779.11
2645,121,352,5,7661.8
2646,318,18,5,4735.15
2647,1858,70,3,12701.88
2648,1487,719,2,15622.87
2649,524,4,2,15840.42
2650,475,191,4,16361.5
2651,2699,293,1,22161.32
2652,2712,493,2,7360.6
2653,2965,433,2,13898.77
2654,1533,69,3,4412.82
2655,298,69,2,4812.87
2656,2517,545,4,5456.18
2657,1988,316,4,3723.37
2658,2625,250,2,23751.89
2659,1760,93,3,9140.32
2660,1462,759,5,10150.62
2661,485,268,4,15329.79
2662,2318,310,2,21783.98
2663,2942,336,5,5102.71
2664,2131,106,1,20751.31
2665,2276,765,2,2538.7
2666,2286,232,5,21386.1
2667,1776,232,3,22539.36
2668,2212,551,4,2183.34
2669,959,509,4,10917.65
2670,2163,209,1,15188.91
2671,2889,376,1,20252.71
2672,2083,193,1,952.61
2673,1168,527,3,4523.78
2674,1191,429,3,16865.13
2675,2264,81,3,22657.44
2676,2171,637,5,16070.29
2677,2548,374,2,21793.69
2678,2313,501,5,8024.7
2679,2325,352,5,7838.09
2680,2189,60,5,20781.31
2681,1548,723,1,22223.02
2682,2354,568,4,764.03
2683,1427,532,1,14977.72
2684,1206,354,5,8279.13
2685,829,551,2,2306.0
2686,2246,100,5,7839.89
2687,1720,546,5,4332.73
2688,1761,734,1,8168.93
2689,1893,201,5,10488.54
2690,2301,265,4,21353.34
2691,2972,131,5,16619.49
2692,2798,178,3,13730.85
2693,2017,106,5,20639.04
2694,2142,589,4,18002.2
2695,2237,248,1,22137.77
2696,1923,754,1,10425.09
2697,2118,528,3,18221.75
2698,1102,198,3,15538.46
2699,1538,90,3,11855.4
2700,1595,91,2,16539.5
2701,1634,341,3,176.83
2702,2254,56,1,17499.22
2703,1327,40,2,19965.3
2704,2219,315,3,21353.93
2705,723,452,5,6562.74
2706,7,730,1,841.88
2707,1156,632,4,21759.95
2708,921,563,3,7845.46
2709,1369,321,3,14490.66
2710,355,760,4,1367.93
2711,2249,313,3,2469.33
2712,2657,311,1,14612.77
2713,1610,760,2,1421.28
2714,2652,101,2,19788.28
2715,1083,629,5,12742.61
2716,1691,157,1,3051.28
2717,377,701,1,4040.28
2718,1101,752,1,11191.19
2719,1729,108,4,23705.58
2720,1598,390,5,15021.66
2721,1773,61,5,19699.0
2722,150,164,3,10805.3
2723,2769,758,1,14023.67
2724,501,145,4,13771.71
2725,1358,129,2,15693.63
2726,306,649,4,18532.29
2727,1033,654,4,8931.39
2728,1554,391,5,1123.03
2729,99,391,2,1059.89
2730,1350,199,3,14525.83
2731,2909,726,1,19915.15
2732,1574,12,3,5802.86
2733,2739,143,3,14989.95
2734,748,779,2,23600.0
2735,1041,467,1,16550.71
2736,1873,162,2,11781.42
2737,166,661,4,17436.73
2738,726,274,5,6480.0
2739,15,506,2,5009.63
2740,2182,196,5,7769.86
2741,401,126,2,19197.18
2742,1296,91,3,16691.89
2743,1692,735,1,16764.31
2744,1026,525,1,12259.37
2745,837,151,5,16243.04
2746,1670,390,1,15343.38
2747,799,30,2,23523.94
2748,2697,187,3,11228.97
2749,2970,368,3,3531.15
2750,2255,270,4,8582.15
2751,1725,409,5,13440.97
2752,202,43,5,6848.28
2753,1977,86,5,3453.8
2754,195,599,5,11984.07
2755,2091,402,3,6775.95
2756,1145,97,4,276.63
2757,1784,363,4,16501.19
2758,162,226,5,21219.14
2759,1911,544,5,879.71
2760,2662,454,4,7821.6
2761,1308,714,5,9297.04
2762,1186,244,1,11879.39
2763,1166,675,1,20234.98
2764,827,132,2,24525.97
2765,1414,24,1,4237.96
2766,1183,745,2,912.32
2767,381,10,3,1815.02
2768,2738,604,3,12284.86
2769,1527,458,1,23940.25
2770,776,631,1,14476.21
2771,1211,18,2,4581.61
2772,740,779,3,24355.02
2773,2244,534,5,23942.13
2774,2919,784,3,3764.1
2775,1453,574,2,1058.37
2776,1583,584,3,7516.15
2777,1970,604,1,11769.09
2778,2772,577,1,24044.3
2779,2510,239,3,23308.64
2780,2751,575,2,18466.07
2781,2445,96,4,22415.69
2782,2587,655,1,21834.74
2783,2081,340,2,13178.02
2784,560,748,4,19526.36
2785,1189,570,3,16644.91
2786,470,778,5,19033.96
2787,2521,642,5,7736.94
2788,1778,424,3,11203.07
2789,937,677,2,13323.42
2790,1065,171,3,6633.18
2791,988,679,5,19980.38
2792,1185,163,5,24690.39
2793,2866,735,5,17788.16
2794,1989,779,1,23539.89
2795,720,158,2,11798.19
2796,943,43,4,7512.36
2797,2924,527,3,4637.67
2798,2639,745,3,924.3
2799,480,433,4,13887.58
2800,184,655,4,21128.36
2801,497,626,4,16992.41
2802,1139,565,2,17453.54
2803,688,276,3,16016.51
2804,846,589,4,17245.06
2805,2282,82,2,9777.43
2806,2368,206,1,7455.64
2807,203,331,3,9685.5
2808,2987,727,3,13877.28
2809,968,163,5,24176.43
2810,271,501,3,7970.48
2811,861,469,3,2670.11
2812,2321,703,1,23502.23
2813,291,299,5,13996.89
2814,995,161,4,13664.88
2815,124,779,1,24311.02
2816,2048,668,1,12223.54
2817,1684,634,4,3864.56
2818,2702,343,2,22097.37
2819,54,417,3,3479.67
2820,462,74,3,13618.87
2821,619,447,3,7160.53
2822,423,627,4,18808.13
2823,123,614,4,17943.5
2824,976,740,1,19655.81
2825,2264,52,5,1040.64
2826,2926,360,5,7625.21
2827,667,63,1,6646.07
2828,1842,197,1,9860.49
2829,2427,755,3,621.4
2830,1802,668,2,11452.72
2831,329,288,2,5161.87
2832,1690,288,5,5538.36
2833,835,221,3,9399.46
2834,542,615,2,15048.24
2835,1097,421,5,18760.91
2836,2174,644,5,1806.79
2837,2175,447,1,7209.92
2838,2818,649,5,19750.48
2839,2214,282,1,11336.02
2840,2451,202,3,16230.17
2841,367,74,3,13746.75
2842,150,450,2,18497.11
2843,1593,540,4,7890.09
2844,112,765,4,2330.82
2845,1703,355,3,3003.6
2846,1771,427,1,579.94
2847,2790,600,2,9581.07
2848,1276,42,5,24329.47
2849,1205,497,3,3831.59
2850,2960,413,2,6743.01
2851,191,50,3,17242.61
2852,2559,405,3,23963.73
2853,2371,65,1,2895.38
2854,1081,157,5,3182.19
2855,1289,358,4,17205.87
2856,1254,642,2,7780.44
2857,1229,374,1,20617.75
2858,2453,88,3,11197.09
2859,2829,740,2,18949.11
2860,635,21,4,15462.75
2861,2108,328,5,2041.87
2862,2162,163,4,22886.29
2863,2402,267,2,8821.82
2864,1402,380,4,20967.99
2865,2920,525,3,11731.53
2866,2327,405,1,23519.92
2867,2549,625,1,23362.65
2868,1582,352,1,7725.85
2869,2962,577,5,23998.72
2870,1703,622,5,11161.38
2871,2708,495,3,13083.68
2872,2100,157,5,3135.72
2873,1097,284,3,2739.76
2874,1870,315,5,23179.95
2875,1181,348,2,13268.73
2876,603,440,3,4974.83
2877,1561,183,5,18647.54
2878,2441,779,2,23516.19
2879,2637,660,3,7024.22
2880,987,488,3,14164.63
2881,1313,445,3,15357.93
2882,2743,327,5,23128.59
2883,2667,493,1,7160.58
2884,2811,311,5,13836.41
2885,2818,726,2,19696.28
2886,64,314,2,9145.88
2887,1095,443,5,1377.43
2888,2263,505,1,4986.41
2889,2886,421,5,19021.94
2890,1845,145,1,13779.9
2891,2149,273,5,11003.53
2892,300,56,4,17657.28
2893,2469,711,2,2264.8
2894,528,116,3,18051.21
2895,2200,608,4,18508.56
2896,2820,53,1,3021.74
2897,1482,342,3,15763.91
2898,1290,235,3,18942.46
2899,862,270,2,8330.92
2900,478,676,3,8913.67
2901,197,496,2,18049.83
2902,1752,375,4,16682.06
2903,1073,345,4,5972.16
2904,1072,229,3,19344.72
2905,1473,749,4,403.25
2906,2517,403,5,22456.98
2907,929,665,3,5893.88
2908,1041,635,3,15023.81
2909,1143,149,5,6300.49
2910,1747,382,3,23226.06
2911,796,794,5,6698.44
2912,313,353,4,11612.36
2913,2421,309,4,2036.56
2914,412,514,1,3801.04
2915,2274,413,1,6501.29
2916,2070,544,3,853.24
2917,1939,121,2,10327.16
2918,1805,245,2,1195.91
2919,1624,671,3,12435.7
2920,284,308,1,6069.06
2921,1660,258,4,1608.85
2922,426,456,1,15648.29
2923,2599,505,5,5068.05
2924,2184,711,2,2429.38
2925,147,128,5,16869.75
2926,49,328,5,2086.85
2927,2503,43,5,7371.64
2928,2937,512,3,8774.89
2929,1356,785,4,12771.82
2930,1854,473,1,3151.42
2931,2557,398,1,3355.33
2932,1093,472,3,21623.38
2933,594,32,1,3053.45
2934,2061,449,1,10471.36
2935,2234,472,5,22016.46
2936,1332,277,5,1365.25
2937,941,557,4,3663.46
2938,2752,183,5,17793.95
2939,410,697,1,3319.68
2940,136,721,2,12463.42
2941,797,374,5,22055.96
2942,2202,243,5,2905.98
2943,2424,600,4,9147.83
2944,1348,694,2,13337.62
2945,1045,203,4,23425.91
2946,171,246,3,15942.07
2947,1012,365,5,3153.49
2948,1586,47,4,20513.74
2949,2486,132,2,23755.14
2950,1512,220,3,13185.95
2951,249,219,2,9055.5
2952,2224,110,2,22782.35
2953,1906,77,3,10226.49
2954,2263,619,4,23860.07
2955,2926,318,2,20815.49
2956,1449,318,5,20232.66
2957,1945,415,2,21871.12
2958,299,730,5,801.07
2959,2966,788,1,4407.32
2960,1594,275,5,10793.55
2961,1555,201,1,11181.79
2962,2208,468,2,11031.82
2963,2695,793,4,3434.86
2964,785,575,2,18083.42
2965,375,26,5,16018.26
2966,696,351,2,7403.79
2967,445,686,4,17595.16
2968,1020,747,4,5948.85
2969,2780,271,1,13681.3
2970,1331,519,5,930.13
2971,2643,598,1,5524.45
2972,1203,130,2,7429.6
2973,2722,171,1,6286.78
2974,995,674,2,15756.4
2975,218,163,4,22637.58
2976,338,111,5,4098.93
2977,1796,658,5,540.31
2978,1847,151,3,16952.55
2979,348,314,4,9139.25
2980,2543,777,3,22436.91
2981,2795,271,3,14034.58
2982,2013,382,2,22322.02
2983,2519,703,3,22471.68
2984,2201,79,1,19505.99
2985,975,792,5,20389.61
2986,2566,783,3,13402.01
2987,2921,392,4,21794.22
2988,632,19,3,4306.71
2989,793,212,5,962.03
2990,574,659,5,1037.16
2991,457,608,2,18465.43
2992,315,740,4,18861.68
2993,807,800,1,926.83
2994,447,287,4,10039.66
2995,1387,267,4,8580.8
2996,74,170,1,18845.52
2997,2672,268,5,15238.46
2998,1169,249,3,3044.99
2999,1505,62,1,5184.01
3000,2674,454,2,7984.02
3001,1252,399,1,22426.26
3002,1005,521,4,17507.73
3003,728,405,3,23576.94
3004,2769,495,1,13589.12
3005,2608,11,4,21882.77
3006,194,495,4,12717.97
3007,1100,557,2,3691.69
3008,2802,387,2,6212.02
3009,1038,383,1,16169.5
3010,1329,670,4,18719.27
3011,2101,68,4,13975.15
3012,2967,97,4,271.24
3013,639,289,5,15128.76
3014,1051,529,4,13567.22
3015,2752,673,3,3911.55
3016,506,400,5,13010.03
3017,1277,232,2,21174.67
3018,1269,305,3,9223.15
3019,313,263,5,18010.86
3020,2106,306,1,16320.76
3021,547,86,4,3129.95
3022,895,736,2,667.4
3023,679,21,4,16003.54
3024,1605,257,5,16849.65
3025,1436,579,4,9111.67
3026,2270,235,3,17989.15
3027,1890,678,1,7906.59
3028,1647,611,4,13291.29
3029,2181,127,5,364.82
3030,337,383,5,16324.12
3031,2989,193,4,1041.41
3032,2131,146,5,9017.85
3033,167,12,4,5626.13
3034,645,121,3,10888.73
3035,960,69,5,4507.45
3036,10,408,2,12175.45
3037,1402,350,2,1615.23
3038,1961,4,2,15178.59
3039,2342,434,5,17198.57
3040,2637,775,1,7235.83
3041,1480,523,4,506.68
3042,2166,283,5,9747.26
3043,836,618,2,6751.99
3044,991,377,5,11808.56
3045,675,516,3,17574.89
3046,2412,637,1,14801.93
3047,2992,371,4,17931.54
3048,604,335,1,14638.47
3049,312,347,3,17272.57
3050,333,223,3,5154.88
3051,2616,167,1,2175.61
3052,673,784,1,3539.99
3053,1078,557,2,3470.36
3054,305,586,3,12152.13
3055,2943,651,5,20597.38
3056,1105,580,5,22478.39
3057,69,226,3,21772.24
3058,1120,618,4,6679.31
3059,125,505,1,5264.53
3060,2018,717,1,11533.93
3061,1468,354,4,8570.06
3062,2944,59,5,6307.86
3063,2367,133,3,6820.38
3064,709,716,4,910.42
3065,325,96,4,21893.14
3066,803,238,5,18939.32
3067,524,214,2,4856.15
3068,2289,573,3,9215.58
3069,2026,571,4,6277.39
3070,2913,414,4,23075.92
3071,1971,684,4,7290.9
3072,1623,10,4,1776.32
3073,507,318,3,21800.61
3074,2085,672,5,11231.32
3075,679,466,2,17316.59
3076,108,655,4,21701.84
3077,62,46,2,15900.02
3078,193,271,5,14653.73
3079,1171,767,4,11483.79
3080,195,774,4,17044.75
3081,201,271,3,13643.62
3082,2620,1,3,22175.76
3083,2602,547,1,18539.01
3084,2185,718,4,2265.89
3085,387,223,1,5391.82
3086,2062,353,4,10745.85
3087,88,350,3,1574.11
3088,379,53,4,3182.47
3089,1522,598,3,5967.67
3090,2905,736,3,680.84
3091,1151,424,1,10874.84
3092,725,53,4,3301.55
3093,348,590,4,10166.49
3094,368,461,3,15229.94
3095,114,762,3,7101.81
3096,1599,473,2,3261.4
3097,276,467,2,15634.7
3098,2455,700,5,7194.41
3099,1295,520,3,9637.2
3100,884,697,1,3446.97
3101,1644,594,1,12744.92
3102,684,265,4,22141.91
3103,1942,358,4,16416.96
3104,2690,445,4,15921.74
3105,2843,747,5,5568.15
3106,1960,666,4,13933.02
3107,2139,532,2,15863.75
3108,1852,562,4,10018.04
3109,742,786,4,21764.05
3110,1205,468,4,10797.28
3111,624,480,1,9254.19
3112,2560,211,5,21616.5
3113,1278,417,2,3333.58
3114,1778,509,4,11254.26
3115,363,764,4,222.05
3116,1743,88,1,11170.7
3117,2766,778,2,20216.68
3118,2012,127,2,384.32
3119,38,430,2,12134.86
3120,220,34,4,13542.37
3121,1620,669,2,8721.78
3122,1197,168,2,19895.56
3123,2492,795,2,10071.73
3124,2473,147,2,23803.73
3125,1369,236,3,4871.37
3126,2592,24,4,4162.51
3127,643,29,4,1335.45
3128,2790,265,2,22494.25
3129,222,3,4,17626.34
3130,468,671,2,12102.15
3131,1939,449,5,10407.98
3132,1379,331,2,9600.59
3133,2688,93,2,9190.66
3134,1046,249,4,3192.35
3135,2595,50,1,17306.43
3136,1888,272,3,18011.54
3137,2102,570,3,15670.86
3138,1657,491,3,11715.61
3139,1058,120,5,19488.64
3140,1514,784,5,3784.78
3141,2442,263,2,17882.33
3142,536,319,2,3985.05
3143,651,7,3,23007.48
3144,119,455,4,488.0
3145,2493,310,2,22661.13
3146,2075,31,4,14275.12
3147,788,435,5,11505.72
3148,905,458,5,23064.55
3149,1307,696,2,7282.22
3150,1618,740,5,19730.05
3151,1264,173,1,18510.19
3152,1846,77,4,10053.58
3153,1899,96,5,23585.91
3154,120,334,5,16402.79
3155,487,425,2,14579.38
3156,1393,795,5,10750.39
3157,2625,553,4,14359.69
3158,2963,796,4,17424.45
3159,2008,532,4,14700.1
3160,1492,717,1,11608.41
3161,749,162,3,12481.85
3162,2165,419,2,22307.47
3163,665,116,4,19433.3
3164,612,592,4,2493.64
3165,663,118,4,18543.6
3166,2364,200,2,21787.79
3167,2737,519,1,938.12
3168,2473,20,3,18365.38
3169,2677,43,2,7230.63
3170,1682,320,3,1196.81
3171,1395,154,1,2746.15
3172,1037,164,1,10744.11
3173,1782,501,3,7770.01
3174,2513,279,1,11757.36
3175,2281,543,4,18526.98
3176,898,675,1,19458.95
3177,1123,276,4,15749.73
3178,2796,478,3,905.78
3179,1537,19,1,4406.15
3180,2868,416,5,12094.16
3181,2733,283,2,10628.66
3182,193,236,4,4753.51
3183,733,548,3,2033.76
3184,1025,556,2,4013.88
3185,2378,587,3,10216.28
3186,2173,506,2,5360.42
3187,1224,706,5,10720.03
3188,557,548,1,2063.07
3189,1234,91,3,16693.49
3190,2345,609,2,11853.45
3191,2668,411,4,1156.46
3192,2688,760,5,1383.46
3193,2434,721,1,13162.7
3194,265,472,1,20453.76
3195,896,46,1,16485.46
3196,2732,509,5,11714.28
3197,1989,495,2,12605.29
3198,1553,133,3,6244.71
3199,229,134,1,7287.46
3200,2456,576,2,15497.22
3201,1549,739,3,6980.6
3202,1343,233,2,6984.3
3203,174,461,1,16117.53
3204,2373,590,2,10558.06
3205,2109,600,3,9206.28
3206,410,608,1,18268.18
3207,2424,647,3,22238.52
3208,2653,128,1,17014.2
3209,2906,217,5,19422.24
3210,1864,86,3,3325.47
3211,92,20,4,18882.57
3212,1288,471,3,16536.84
3213,423,114,3,23344.79
3214,2263,307,5,8184.89
3215,833,244,5,12145.27
3216,2275,395,2,5827.33
3217,1030,82,5,10371.2
3218,2988,244,1,11843.02
3219,2203,669,5,9346.32
3220,31,482,4,3061.22
3221,931,662,4,2162.41
3222,254,473,4,3144.86
3223,2983,770,3,6224.86
3224,2079,651,3,19517.32
3225,545,351,3,7161.21
3226,322,474,5,11052.75
3227,1944,619,4,22538.67
3228,1799,113,3,14319.75
3229,1741,771,3,17378.56
3230,803,531,1,10052.44
3231,183,629,5,12440.06
3232,2846,232,3,22394.95
3233,1563,663,1,12995.0
3234,1485,129,3,15343.51
3235,323,429,1,17027.82
3236,1202,739,1,7318.14
3237,1957,10,5,1735.36
3238,1036,716,3,958.76
3239,2816,490,4,5064.95
3240,2734,172,4,20676.9
3241,129,798,2,17837.31
3242,2784,268,5,15090.03
3243,2114,34,2,13362.01
3244,2959,614,2,17585.05
3245,553,779,1,24011.56
3246,2227,275,1,10738.42
3247,509,696,3,7367.8
3248,454,248,1,22371.3
3249,1708,117,4,1711.57
3250,2703,187,4,11600.18
3251,1285,68,3,14440.4
3252,1686,337,4,18605.13
3253,1455,14,1,18928.94
3254,1394,535,3,4931.36
3255,1341,626,2,16880.48
3256,370,338,5,5788.16
3257,2821,755,3,613.14
3258,2655,314,2,8389.15
3259,1919,552,2,789.29
3260,1562,780,3,6306.93
3261,2076,701,4,4030.79
3262,1277,493,4,7493.77
3263,2039,85,3,12950.29
3264,2251,610,1,20175.07
3265,2534,171,4,6629.69
3266,2618,168,3,20485.07
3267,1044,799,2,4645.09
3268,2383,11,1,22014.83
3269,2863,147,5,23670.03
3270,1020,589,1,17925.74
3271,2529,652,1,12277.18
3272,2467,465,4,10387.99
3273,2717,661,3,16360.64
3274,2526,463,5,15203.08
3275,1730,756,3,8054.5
3276,2237,675,1,20874.71
3277,1086,291,2,2607.67
3278,1543,128,4,17356.83
3279,2567,614,2,18888.57
3280,1616,768,1,9520.59
3281,757,454,3,8209.71
3282,2550,275,5,9993.37
3283,65,202,3,16913.81
3284,1781,701,5,3822.84
3285,2451,20,3,18852.67
3286,429,218,5,18635.87
3287,390,706,3,10671.59
3288,1695,481,5,3003.2
3289,1110,343,4,21930.25
3290,759,524,1,559.53
3291,2724,253,1,10364.68
3292,1113,239,3,23061.46
3293,2825,645,2,8034.11
3294,986,236,4,4887.27
3295,2258,184,2,22788.82
3296,282,488,3,13536.92
3297,1642,584,5,7569.66
3298,214,732,4,7170.12
3299,2988,248,2,21027.38
3300,2217,332,1,8898.36
3301,1174,129,2,15911.51
3302,172,335,1,15161.68
3303,2583,500,1,12475.31
3304,31,366,3,9213.9
3305,801,511,1,19705.97
3306,2348,274,1,6434.06
3307,1184,156,3,14856.63
3308,2436,403,3,21836.88
3309,1853,608,5,17901.78
3310,1941,382,1,22202.23
3311,520,239,5,24198.19
3312,2113,37,4,22703.29
3313,2061,78,5,15020.77
3314,2966,256,3,2393.6
3315,1786,358,2,17724.67
3316,1984,318,5,21842.84
3317,691,781,1,9418.62
3318,2544,482,1,3093.56
3319,2768,510,3,8503.72
3320,259,125,4,20087.07
3321,1647,237,2,5493.66
3322,1706,647,2,22386.95
3323,2324,420,2,16702.2
3324,1454,441,1,2791.24
3325,116,138,1,1238.97
3326,1121,550,3,11080.46
3327,2738,734,4,7753.53
3328,2855,135,1,5457.52
3329,792,1,4,21927.05
3330,130,75,3,13965.15
3331,940,158,1,11723.77
3332,1303,576,4,15418.13
3333,150,368,4,3427.3
3334,847,472,1,20926.94
3335,2525,703,2,23470.69
3336,2990,433,1,13896.35
3337,1074,518,1,17589.81
3338,593,608,1,17809.96
3339,2030,81,3,24023.41
3340,1238,428,1,17048.57
3341,2806,751,2,9350.82
3342,1141,498,5,20245.27
3343,1476,571,1,6132.08
3344,679,213,1,21118.33
3345,90,401,1,6379.27
3346,2869,249,5,3129.13
3347,1624,418,5,10899.95
3348,1362,549,3,7288.55
3349,134,702,3,20781.7
3350,387,611,1,13717.29
3351,2094,643,1,18713.52
3352,988,391,3,1172.89
3353,1316,777,5,22638.21
3354,1043,165,4,20345.57
3355,180,537,1,12754.93
3356,175,160,4,5834.25
3357,765,2,5,1448.34
3358,1400,685,3,8787.62
3359,1762,648,2,17299.56
3360,1670,361,4,16050.43
3361,2948,478,5,865.71
3362,1947,742,1,16620.75
3363,874,228,1,18165.18
3364,953,619,4,23960.04
3365,443,533,5,20276.32
3366,1669,584,3,7350.78
3367,2826,262,3,21155.89
3368,1526,623,5,8719.37
3369,1232,473,1,3175.16
3370,669,493,3,7315.59
3371,2288,446,4,15543.91
3372,410,741,4,16747.72
3373,2457,71,5,10147.89
3374,1895,504,1,4383.81
3375,2709,312,3,8969.44
3376,897,360,5,7607.68
3377,2636,412,2,13893.3
3378,2969,255,1,8982.38
3379,2643,641,4,1759.09
3380,2403,151,1,16796.59
3381,463,138,3,1220.76
3382,2987,355,4,3026.32
3383,303,220,2,13174.41
3384,2777,721,4,12972.73
3385,366,248,1,21770.15
3386,260,102,4,14108.38
3387,2553,571,4,5855.83
3388,91,165,4,19549.44
3389,1741,290,5,8413.77
3390,280,158,1,12400.59
3391,884,148,3,23203.9
3392,2466,142,3,20487.59
3393,1824,298,3,8681.0
3394,2160,674,1,16896.46
3395,71,303,5,12678.59
3396,620,520,1,10050.46
3397,652,601,5,4229.12
3398,1619,582,4,7427.61
3399,1059,470,2,12839.25
3400,564,490,2,5166.17
3401,1786,100,4,7834.97
3402,169,208,3,17265.1
3403,296,226,1,20039.59
3404,934,595,1,9202.52
3405,1198,321,2,14733.49
3406,1209,634,2,4094.81
3407,2182,504,3,4394.6
3408,1639,582,5,7870.28
3409,2190,423,3,14640.89
3410,2825,424,4,10931.48
3411,910,635,4,15912.83
3412,2254,368,1,3400.94
3413,1444,387,2,5832.43
3414,2351,159,4,1115.22
3415,2059,648,4,16563.51
3416,2,170,2,17526.18
3417,2086,133,2,6811.13
3418,2781,294,1,17838.21
3419,2223,762,4,7126.9
3420,1128,105,2,17845.21
3421,1666,676,3,8752.23
3422,2582,755,1,637.65
3423,1487,105,5,18782.16
3424,996,170,5,18725.09
3425,553,13,3,3118.03
3426,2376,413,4,6421.8
3427,558,556,1,4296.6
3428,655,223,5,5157.69
3429,584,540,5,7800.84
3430,1581,283,4,10422.74
3431,1021,35,5,16048.56
3432,1385,199,4,13893.08
3433,2298,144,4,22290.04
3434,627,331,5,9812.16
3435,129,289,3,14778.29
3436,1819,16,2,10768.18
3437,2254,266,5,4239.12
3438,622,550,5,11018.42
3439,1280,196,1,7590.24
3440,2096,473,2,3244.36
3441,1688,308,3,5797.53
3442,1089,76,1,7216.77
3443,105,33,2,13998.91
3444,1759,390,5,16209.23
3445,2506,270,1,8280.11
3446,876,255,5,8892.58
3447,2951,393,1,17335.11
3448,1019,466,1,17370.42
3449,2240,582,1,7766.82
3450,1572,595,5,9038.25
3451,1542,323,4,9250.35
3452,2131,693,5,3170.63
3453,676,312,4,8948.61
3454,1160,566,2,8820.32
3455,2901,47,2,20975.84
3456,2876,288,1,5202.46
3457,1728,72,5,7238.13
3458,2478,576,1,15111.55
3459,186,351,1,7216.86
3460,2622,238,2,18394.8
3461,1200,119,4,17503.04
3462,557,685,1,8659.53
3463,1631,462,1,11132.04
3464,2627,425,1,14024.28
3465,1129,282,1,11351.12
3466,2698,396,4,10392.82
3467,903,677,5,13136.99
3468,1997,218,1,17042.74
3469,132,108,3,23295.04
3470,1886,363,4,15603.38
3471,573,486,2,20156.84
3472,1104,157,4,3022.49
3473,1451,484,5,8874.89
3474,1546,56,4,18259.43
3475,2961,28,2,16985.7
3476,1366,461,3,15178.04
3477,919,643,5,18621.7
3478,2287,538,4,21647.18
3479,2266,236,2,5043.83
3480,2831,726,2,19194.68
3481,1211,630,3,20331.77
3482,1954,646,4,15403.02
3483,1164,73,1,7705.22
3484,1997,18,2,4502.33
3485,726,778,4,18925.83
3486,196,67,5,9903.81
3487,2631,501,4,7723.1
3488,2261,702,1,19000.38
3489,2823,547,5,18189.75
3490,1366,341,3,177.67
3491,1750,97,2,276.42
3492,1470,406,1,681.54
3493,461,296,1,18067.4
3494,2300,452,3,7185.67
3495,2380,410,4,21194.64
3496,1272,575,4,18825.0
3497,363,652,5,12776.98
3498,2076,606,3,13502.58
3499,1060,530,1,16234.93
3500,483,666,2,14451.77
3501,2923,110,1,23673.86
3502,940,467,4,15357.55
3503,2959,74,4,13211.69
3504,1500,784,2,3734.7
3505,177,321,5,15181.49
3506,1095,610,2,20214.84
3507,205,38,4,14849.86
3508,2603,114,1,22232.52
3509,2151,588,4,4701.46
3510,1955,38,3,14987.45
3511,1944,175,1,10766.67
3512,315,301,1,15100.59
3513,2370,366,3,9518.21
3514,2607,434,4,16393.57
3515,491,238,2,19087.4
3516,2975,532,3,15435.84
3517,1670,748,4,20537.3
3518,617,351,3,7397.49
3519,2068,235,5,19673.55
3520,190,492,1,14735.92
3521,1735,745,2,893.63
3522,2747,2,1,1479.95
3523,2458,712,5,1160.57
3524,793,394,4,22196.97
3525,598,220,4,13103.08
3526,1108,758,5,14132.71
3527,2419,468,2,10243.27
3528,2936,466,2,17525.55
3529,2763,311,4,14480.41
3530,2047,159,3,1084.26
3531,2093,735,2,17838.51
3532,647,201,5,11365.17
3533,345,539,4,7479.16
3534,2737,678,2,8012.84
3535,2688,158,4,12157.34
3536,1017,398,5,3516.76
3537,375,95,3,1646.6
3538,1652,248,3,21544.06
3539,1405,128,4,17894.84
3540,263,400,4,14018.47
3541,349,441,1,2682.48
3542,2308,573,1,9581.96
3543,1558,235,3,18642.89
3544,774,129,1,16007.64
3545,2809,125,4,19456.72
3546,940,26,4,16932.1
3547,1464,602,5,20256.43
3548,272,380,3,20780.94
3549,384,411,2,1251.28
3550,1460,548,5,2067.8
3551,1939,105,3,18423.3
3552,868,644,3,1731.74
3553,1943,6,2,18160.28
3554,1716,244,3,12467.05
3555,192,487,1,5125.8
3556,1784,405,4,24784.71
3557,2346,598,2,5690.79
3558,12,130,5,7337.7
3559,2022,665,1,5807.77
3560,253,637,2,15435.11
3561,1617,55,1,17675.9
3562,2209,83,1,12021.45
3563,48,768,1,8883.38
3564,2966,335,4,14011.22
3565,1532,73,5,7412.33
3566,2077,576,3,15883.56
3567,1804,790,5,17984.67
3568,2340,84,2,19391.52
3569,2451,237,1,4990.61
3570,2113,758,5,14183.96
3571,2519,671,2,12550.02
3572,2138,311,4,14686.14
3573,1459,640,1,24123.0
3574,1849,704,5,6517.7
3575,962,490,2,5103.35
3576,1502,224,1,14755.16
3577,659,682,3,20650.69
3578,1394,506,4,5385.64
3579,2192,251,4,14976.17
3580,1246,372,3,7047.05
3581,533,72,5,7265.84
3582,1635,74,5,13296.18
3583,2239,144,1,22336.93
3584,290,769,1,4559.83
3585,2186,408,3,11354.63
3586,1107,394,1,21436.59
3587,1355,643,2,19038.23
3588,126,160,2,5997.92
3589,2082,783,1,14294.39
3590,2710,447,5,6691.22
3591,1187,519,2,922.85
3592,2408,641,5,1831.97
3593,2564,424,4,11268.22
3594,2063,16,2,10753.21
3595,2202,592,1,2601.67
3596,2431,752,2,11979.64
3597,2994,352,2,7823.43
3598,470,547,2,19116.96
3599,2096,651,4,20806.42
3600,427,105,2,17885.45
3601,1583,617,2,6750.45
3602,601,267,5,8736.03
3603,1838,582,3,7778.54
3604,2395,170,2,17645.95
3605,583,630,4,21836.47
3606,2067,265,3,22502.95
3607,2440,286,2,10783.82
3608,2102,765,4,2500.4
3609,2342,748,5,19406.2
3610,1177,116,1,17784.43
3611,2682,228,2,16822.01
3612,2875,264,1,23404.96
3613,2162,533,1,19718.82
3614,68,512,4,8505.56
3615,964,342,3,16163.97
3616,84,609,1,12549.31
3617,2245,398,2,3638.33
3618,2236,544,4,879.91
3619,267,54,2,5328.67
3620,390,591,1,6846.45
3621,1694,17,3,10108.96
3622,2572,242,4,4107.42
3623,2706,423,2,14488.41
3624,1509,407,4,5345.11
3625,2584,222,2,15549.64
3626,113,521,3,16079.27
3627,2701,7,2,23940.23
3628,2726,353,5,11424.84
3629,2707,502,4,2391.32
3630,446,739,4,7626.04
3631,134,585,2,20405.53
3632,225,368,4,3519.11
3633,210,324,3,17473.47
3634,2344,659,2,1054.78
3635,433,463,3,15512.78
3636,703,76,1,6900.88
3637,1353,222,4,16857.38
3638,2215,467,1,15723.39
3639,1980,541,4,11522.16
3640,1888,364,4,3682.48
3641,535,475,4,5893.3
3642,1390,165,3,21353.21
3643,1914,299,2,13727.73
3644,878,32,1,2986.19
3645,108,371,4,19322.94
3646,572,33,5,14475.23
3647,2705,592,2,2578.97
3648,1194,653,5,14812.38
3649,1765,478,2,935.0
3650,2787,176,1,21085.5
3651,677,484,5,9119.98
3652,1082,86,2,3337.64
3653,1587,236,4,5239.7
3654,2915,781,3,9348.39
3655,275,153,2,15512.97
3656,61,137,1,6944.29
3657,794,460,1,7309.27
3658,2373,142,5,19488.77
3659,1054,690,1,22681.9
3660,467,734,2,7965.56
3661,2329,715,4,22180.67
3662,2388,215,4,11769.35
3663,1185,161,5,14081.04
3664,2438,336,3,5141.03
3665,2421,701,1,3667.52
3666,872,373,1,2888.13
3667,2112,118,5,19151.33
3668,2822,551,3,2252.08
3669,1788,132,4,24610.1
3670,864,213,1,20508.1
3671,750,429,1,17681.49
3672,2612,138,2,1183.79
3673,1321,40,2,21479.28
3674,1505,542,2,9913.58
3675,1535,195,3,10820.93
3676,2597,656,3,3154.53
3677,956,468,3,11034.4
3678,1017,589,1,18438.28
3679,2287,786,5,20130.94
3680,2339,574,1,1049.19
3681,1966,115,4,16967.53
3682,2814,227,1,15839.92
3683,202,437,5,19227.79
3684,1175,572,4,1933.73
3685,1987,313,1,2286.57
3686,886,2,3,1489.91
3687,2038,259,1,10299.41
3688,408,399,1,23012.31
3689,1565,271,5,14164.43
3690,1683,32,5,2906.19
3691,419,753,3,19817.1
3692,1199,103,3,3426.63
3693,378,98,4,12723.05
3694,2280,147,5,24617.06
3695,1991,710,2,23722.19
3696,1566,601,2,3994.01
3697,1699,122,3,19196.5
3698,2982,19,5,4692.88
3699,676,418,5,11015.02
3700,1605,723,4,20389.99
3701,1799,737,2,19325.36
3702,690,167,3,2191.56
3703,814,715,2,22031.34
3704,814,137,5,7611.89
3705,267,333,5,19493.71
3706,2379,198,4,16490.94
3707,917,652,3,12020.36
3708,2617,278,1,19052.6
3709,2019,731,3,22523.86
3710,1368,415,2,23338.26
3711,2483,765,2,2456.64
3712,535,48,1,18863.85
3713,1618,338,2,5964.09
3714,2036,328,5,2164.1
3715,211,186,4,16694.52
3716,2450,557,5,3602.12
3717,631,412,1,12815.04
3718,2649,456,3,16116.73
3719,1220,20,2,18246.61
3720,2416,368,5,3532.75
3721,1749,520,1,10092.98
3722,156,608,4,17826.44
3723,2056,557,4,3424.29
3724,2494,317,2,17719.44
3725,2501,226,3,22103.55
3726,1047,337,3,18778.46
3727,2175,374,5,22210.77
3728,706,47,3,22050.74
3729,2622,362,5,14513.75
3730,1204,329,4,3619.48
3731,270,622,1,11213.46
3732,403,193,4,1040.99
3733,2735,562,2,10000.9
3734,1022,313,3,2340.72
3735,1291,147,4,24440.52
3736,13,333,1,18008.14
3737,2352,399,1,23289.35
3738,1105,366,5,9248.81
3739,2744,40,1,21771.02
3740,2585,676,2,8442.26
3741,2898,796,2,17504.23
3742,863,727,5,13870.65
3743,2867,385,1,11732.47
3744,766,527,2,4561.51
3745,2306,444,1,15591.7
3746,2929,520,5,10281.62
3747,2085,601,5,4176.96
3748,279,8,4,10551.7
3749,2262,109,1,3837.38
3750,2255,749,5,416.04
3751,585,655,4,21294.97
3752,967,609,2,12158.38
3753,2399,649,3,19205.95
3754,1076,50,2,16290.86
3755,245,694,4,13901.23
3756,683,532,3,15785.53
3757,81,150,5,12987.14
3758,153,659,5,1123.83
3759,1034,525,4,12014.39
3760,14,108,5,23208.7
3761,510,265,2,23166.06
3762,1915,479,4,9168.55
3763,2731,53,5,2988.16
3764,1990,5,4,12251.03
3765,2411,602,3,20263.01
3766,550,627,3,19487.96
3767,208,321,4,14839.07
3768,478,658,3,557.36
3769,2511,318,3,19977.44
3770,2359,45,4,6724.68
3771,2188,175,4,10612.62
3772,103,656,3,3184.48
3773,2414,238,3,19290.82
3774,2568,364,5,3368.62
3775,1354,401,1,6753.64
3776,1273,752,3,11472.22
3777,411,594,5,12214.95
3778,1744,626,5,17085.53
3779,1700,642,5,7731.04
3780,1651,474,5,11295.6
3781,1090,587,4,10061.75
3782,236,322,4,12759.08
3783,2478,229,4,19468.88
3784,78,682,5,19659.93
3785,795,489,5,17271.27
3786,1388,224,3,15757.95
3787,2866,501,2,7568.79
3788,567,454,1,8205.48
3789,1701,478,4,934.6
3790,986,97,2,276.25
3791,2149,27,1,4621.58
3792,263,548,2,2054.67
3793,2397,161,2,13298.77
3794,1447,733,5,5528.32
3795,1354,14,2,19459.54
3796,610,419,5,22334.47
3797,1595,349,2,24410.39
3798,2435,342,1,16206.56
3799,1613,230,1,16896.8
3800,1669,142,4,19170.0
3801,1792,163,4,23024.62
3802,2214,712,3,1187.85
3803,1042,292,5,3731.82
3804,598,269,5,18111.41
3805,1801,193,2,1038.82
3806,1589,252,3,17127.34
3807,2278,77,3,10487.25
3808,437,628,3,12302.1
3809,642,600,2,9404.67
3810,1649,322,3,12540.72
3811,2487,463,1,15882.98
3812,821,153,1,15578.94
3813,814,117,4,1724.08
3814,1842,200,4,22775.29
3815,382,272,3,18073.03
3816,2749,482,4,3019.97
3817,815,164,1,11298.62
3818,1368,256,5,2197.78
3819,2506,651,2,20111.6
3820,2299,750,1,6425.29
3821,494,333,1,18701.37
3822,2165,415,1,23262.43
3823,1359,173,2,19825.53
3824,2033,555,2,21865.93
3825,766,648,1,17128.68
3826,2442,304,3,23337.12
3827,1760,712,3,1119.97
3828,2882,5,3,12428.44
3829,1745,332,3,9069.58
3830,1831,53,2,3306.91
3831,1456,218,3,17811.44
3832,2771,512,4,8882.02
3833,2164,552,5,786.72
3834,151,320,2,1140.86
3835,2584,141,4,4452.26
3836,1430,197,5,10552.14
3837,745,64,3,15573.3
3838,1783,421,1,18720.3
3839,2315,183,2,17961.53
3840,1129,387,2,6344.4
3841,102,435,5,10886.78
3842,806,703,2,22155.68
3843,2884,578,4,6168.11
3844,468,346,1,5773.71
3845,717,469,5,2655.46
3846,1641,659,4,1028.44
3847,2706,739,1,7615.35
3848,818,695,1,6786.06
3849,422,58,2,4415.46
3850,2016,214,3,4784.77
3851,1127,34,4,13395.84
3852,1914,488,2,14873.45
3853,1480,392,2,23076.44
3854,1,565,2,17833.26
3855,1596,774,2,16514.31
3856,1404,651,1,20669.74
3857,196,162,5,12941.7
3858,327,665,5,5694.12
3859,1361,3,3,16915.49
3860,939,492,1,13746.98
3861,2919,428,1,17076.8
3862,1893,573,2,9993.2
3863,2585,524,2,545.98
3864,1010,456,3,15525.44
3865,417,799,1,4602.04
3866,1856,636,5,1339.8
3867,1674,753,5,19782.1
3868,174,456,2,16724.0
3869,2083,149,1,6323.03
3870,801,155,2,20056.48
3871,346,531,1,10180.27
3872,1899,172,4,21986.23
3873,250,567,1,2950.77
3874,2885,265,4,22549.18
3875,1404,375,5,16041.81
3876,444,141,3,4490.64
3877,2949,14,5,18502.24
3878,1787,710,1,24048.78
3879,125,272,4,17302.07
3880,2428,643,3,19209.36
3881,607,351,2,6967.09
3882,440,223,4,5396.74
3883,2018,712,3,1146.73
3884,1501,561,5,294.65
3885,2746,453,1,20895.14
3886,2977,716,5,937.5
3887,2843,326,4,1369.72
3888,400,795,1,11119.99
3889,2118,89,2,6528.22
3890,446,527,5,4726.01
3891,2230,157,5,3015.42
3892,1206,409,5,12220.76
3893,2115,614,2,18477.8
3894,1736,151,4,16740.01
3895,2194,73,4,7253.65
3896,2003,449,1,9482.38
3897,369,201,4,10499.53
3898,718,529,4,12818.49
3899,718,397,4,9999.08
3900,1132,11,2,20552.94
3901,1633,657,4,12873.13
3902,1841,484,5,9420.01
3903,412,652,1,11902.34
3904,2230,597,5,13616.96
3905,2269,127,2,392.64
3906,1690,269,2,17862.21
3907,102,370,2,12993.82
3908,2842,689,3,4767.85
3909,1183,409,1,12252.38
3910,545,619,1,24019.76
3911,2260,570,3,16124.58
3912,2643,535,4,4864.83
3913,159,720,1,18849.68
3914,503,709,5,14390.5
3915,2107,702,4,19847.09
3916,1704,106,3,19164.19
3917,2942,492,4,14481.26
3918,2341,742,1,15806.13
3919,2151,293,1,22088.61
3920,244,231,4,21354.51
3921,2274,593,3,8029.62
3922,181,612,4,7135.2
3923,453,156,3,14058.98
3924,12,686,1,17767.05
3925,1779,69,1,4403.17
3926,1892,585,1,19235.81
3927,1029,481,1,3040.79
3928,856,509,5,11427.55
3929,340,29,2,1258.09
3930,561,50,2,16532.75
3931,436,296,5,18889.12
3932,1503,703,2,23496.36
3933,1965,633,2,22398.73
3934,1030,13,2,3307.34
3935,1009,482,3,3282.91
3936,2610,618,4,6803.4
3937,1908,472,3,21677.86
3938,359,614,4,18106.1
3939,1742,767,4,11994.2
3940,2380,261,2,13563.04
3941,1524,393,5,18754.74
3942,1426,265,2,21044.46
3943,861,86,4,3215.57
3944,2774,358,2,17199.24
3945,2418,41,3,3700.83
3946,1814,193,2,985.67
3947,1520,800,5,949.21
3948,266,455,4,489.8
3949,2552,405,5,24330.75
3950,1263,704,5,6249.51
3951,550,547,1,18842.41
3952,2116,386,1,22998.3
3953,1734,328,3,2121.78
3954,1510,91,4,16631.99
3955,1850,674,1,16563.75
3956,2621,534,3,23496.74
3957,2218,401,5,6463.05
3958,982,282,3,11098.27
3959,2312,36,5,3081.94
3960,2728,346,5,5773.93
3961,2405,291,1,2616.47
3962,1662,455,3,463.27
3963,59,28,5,17727.46
3964,1058,572,4,1830.8
3965,1488,265,3,22691.31
3966,473,325,2,20396.61
3967,1447,755,5,591.14
3968,511,120,1,19609.49
3969,241,59,5,6354.29
3970,2168,710,1,24835.13
3971,786,257,4,18051.35
3972,1170,524,5,540.41
3973,2954,745,3,916.18
3974,2910,170,1,17512.83
3975,2873,591,4,6443.42
3976,909,682,2,19617.18
3977,32,675,4,20893.65
3978,2630,204,3,11149.45
3979,2588,545,1,5748.0
3980,2804,41,2,3723.16
3981,2953,429,3,16193.59
3982,666,631,4,15180.64
3983,650,138,1,1195.87
3984,1973,340,3,13785.29
3985,2218,168,5,20597.76
3986,1070,496,5,19410.54
3987,1309,736,5,634.87
3988,2851,66,3,22794.48
3989,1507,700,3,7505.91
3990,2035,553,3,14181.04
3991,1264,396,1,10615.06
3992,2663,598,2,6039.31
3993,2176,107,4,5562.31
3994,1153,259,4,10344.78
3995,347,185,1,19841.52
3996,735,81,4,22591.32
3997,533,345,5,5838.49
3998,935,278,3,18757.78
3999,1689,637,2,15491.64
4000,92,439,5,22925.55
4001,2420,531,5,9664.11
4002,2961,555,5,21423.93
4003,1746,482,3,3080.3
4004,1767,338,5,5624.43
4005,350,463,3,15968.27
4006,2871,242,3,4033.93
4007,577,626,2,17804.62
4008,2945,596,2,14586.68
4009,1815,4,3,16482.87
4010,252,446,2,15818.87
4011,2538,341,1,188.64
4012,2454,596,2,14331.41
4013,682,256,5,2320.94
4014,248,114,2,23169.51
4015,1139,541,3,12327.22
4016,2027,491,5,11711.8
4017,2284,737,3,19929.04
4018,946,72,3,7481.38
4019,1964,412,2,13487.96
4020,664,719,2,15906.83
4021,1935,64,4,14527.15
4022,1483,429,3,17004.48
4023,505,531,1,10084.6
4024,1731,238,1,18521.0
4025,221,135,2,5222.9
4026,1511,307,2,7715.5
4027,1974,219,4,9202.76
4028,577,181,4,16495.76
4029,106,424,2,11088.73
4030,640,468,3,10597.26
4031,1843,65,1,2753.84
4032,1563,79,2,19552.77
4033,2207,15,4,2442.19
4034,307,191,5,17197.16
4035,1230,553,1,14870.54
4036,1824,427,1,578.32
4037,111,306,3,16378.22
4038,788,523,3,514.62
4039,869,386,2,21867.16
4040,534,334,3,15842.06
4041,2587,30,2,23132.77
4042,1144,565,5,16894.55
4043,1258,143,1,15694.04
4044,1587,679,5,20065.87
4045,1502,391,4,1124.85
4046,2211,324,5,17868.63
4047,1338,604,5,12107.63
4048,1260,318,2,20912.76
4049,1471,161,5,14455.49
4050,394,460,1,7139.3
4051,1737,46,2,15647.44
4052,782,226,2,21786.59
4053,1129,554,5,7303.99
4054,582,472,1,22021.17
4055,486,773,2,1533.81
4056,1859,164,1,10892.83
4057,769,443,4,1385.02
4058,938,301,2,14861.95
4059,399,767,4,11744.4
4060,98,140,4,14335.84
4061,70,720,3,18282.22
4062,897,148,5,22718.88
4063,2034,388,1,15246.44
4064,2390,154,1,2853.83
4065,2845,495,4,13349.97
4066,2659,276,4,16677.97
4067,526,762,1,7093.04
4068,1415,682,5,19996.94
4069,1191,228,3,17921.73
4070,1968,356,3,21218.65
4071,2732,351,4,6826.95
4072,1405,666,2,15148.58
4073,880,464,4,5437.56
4074,172,786,1,19942.41
4075,989,339,2,2713.0
4076,769,366,5,9151.56
4077,2684,63,2,6914.81
4078,1473,226,2,20356.4
4079,802,353,4,11821.98
4080,1977,24,3,4117.89
4081,271,261,1,14167.8
4082,46,157,3,3027.04
4083,552,298,4,8867.22
4084,1223,744,2,23682.54
4085,2956,461,4,15818.99
4086,1434,301,1,13823.87
4087,2183,489,5,17694.28
4088,2166,71,3,10638.12
4089,1503,432,3,14391.36
4090,1601,661,4,16240.57
4091,2870,401,3,6375.35
4092,794,11,3,22567.95
4093,2423,286,5,10640.54
4094,2274,271,4,14217.05
4095,211,234,2,15269.3
4096,141,183,5,18817.23
4097,1361,707,2,415.09
4098,721,617,3,6672.79
4099,2349,477,4,22440.67
4100,1230,676,4,9094.75
4101,1103,245,5,1136.99
4102,2676,321,5,15078.59
4103,72,694,3,14201.72
4104,2762,432,3,13828.01
4105,1152,423,1,14121.82
4106,1358,609,3,11824.18
4107,302,88,2,11168.12
4108,2331,49,2,15757.65
4109,739,251,5,14452.82
4110,1261,711,1,2250.88
4111,1443,517,4,3937.01
4112,2311,778,4,18507.24
4113,1226,230,2,16188.87
4114,849,563,5,7349.98
4115,2470,562,1,10022.94
4116,672,690,1,23907.21
4117,1466,375,2,15417.38
4118,110,287,2,9420.44
4119,1708,470,1,12311.77
4120,2485,672,4,10878.26
4121,199,524,4,513.09
4122,2817,327,4,21885.28
4123,1577,442,5,1322.32
4124,2361,714,5,9339.88
4125,304,303,3,12638.19
4126,111,349,5,22912.81
4127,1622,584,3,8055.73
4128,2038,27,3,4539.92
4129,1704,665,2,6031.29
4130,2810,397,2,10020.45
4131,1115,647,1,21181.21
4132,1085,308,5,6004.64
4133,262,294,1,18193.88
4134,2400,640,3,24562.5
4135,343,707,3,408.27
4136,48,679,3,18904.95
4137,269,64,4,15920.61
4138,857,793,5,3365.69
4139,2156,513,2,540.61
4140,2483,77,4,10739.01
4141,924,99,1,5384.27
4142,950,727,2,13144.12
4143,732,384,4,10132.5
4144,2327,303,3,11608.21
4145,439,210,1,6243.82
4146,1144,681,2,23246.4
4147,2658,395,5,6161.46
4148,1345,475,2,5842.58
4149,75,749,5,395.99
4150,968,59,2,6659.8
4151,1290,372,2,6646.79
4152,1698,94,2,10185.25
4153,947,292,3,3557.72
4154,1244,720,2,19071.52
4155,1237,792,4,19477.94
4156,397,660,1,6960.91
4157,1422,93,2,9472.37
4158,1190,91,5,17704.88
4159,944,371,2,18153.31
4160,762,586,3,12431.49
4161,1862,63,1,6565.65
4162,1724,490,5,5500.92
4163,678,91,2,17524.81
4164,1744,672,2,11351.9
4165,1368,333,3,18640.01
4166,41,89,5,6525.03
4167,1609,90,1,11221.67
4168,465,310,2,22411.47
4169,1580,515,3,19759.77
4170,2271,207,2,6692.58
4171,343,703,5,22840.32
4172,1629,181,4,17150.89
4173,2481,426,1,18893.28
4174,758,245,3,1205.45
4175,197,119,1,16221.16
4176,2853,792,2,20291.55
4177,1372,713,2,10370.97
4178,879,230,1,15732.78
4179,580,607,3,920.17
4180,767,167,5,2227.37
4181,1721,617,1,6818.21
4182,1336,661,5,17082.35
4183,2842,593,4,7984.58
4184,545,310,3,22159.33
4185,2971,120,5,18428.28
4186,897,590,5,9781.03
4187,2628,158,1,12172.25
4188,672,197,3,10193.34
4189,1227,576,2,14757.86
4190,1750,156,2,14578.92
4191,2475,642,4,7531.26
4192,2279,308,1,6355.21
4193,143,88,1,11071.76
4194,1655,223,5,5595.54
4195,332,95,5,1547.11
4196,499,519,4,920.25
4197,166,329,1,3473.14
4198,1940,740,2,19394.5
4199,1513,24,2,3932.65
4200,2928,270,5,8076.3
4201,2521,29,4,1267.13
4202,1726,532,4,15605.72
4203,369,354,1,8864.19
4204,575,508,4,21395.55
4205,2514,721,2,12803.08
4206,1519,669,4,8594.63
4207,1856,78,4,16119.13
4208,526,214,1,4828.47
4209,2174,201,4,11523.68
4210,365,516,1,17385.03
4211,720,688,1,173.57
4212,1420,707,4,446.08
4213,1544,32,2,3053.98
4214,445,588,5,4484.83
4215,1837,791,2,7743.01
4216,2985,409,4,12168.72
4217,1104,354,5,8666.78
4218,808,413,5,7003.54
4219,231,407,4,5323.99
4220,1223,252,2,18039.05
4221,1071,254,2,17714.2
4222,198,61,1,19406.07
4223,2122,761,3,16641.62
4224,2678,10,1,1833.78
4225,946,68,3,14690.86
4226,1756,573,4,9299.09
4227,922,187,2,11584.61
4228,1880,32,4,2921.92
4229,2025,548,4,2033.94
4230,2020,713,5,10579.42
4231,2713,566,2,9137.06
4232,455,667,2,429.56
4233,1328,344,5,21267.1
4234,573,592,4,2460.64
4235,2914,538,3,23834.14
4236,1429,710,2,24146.42
4237,1531,564,3,7752.7
4238,23,365,3,3286.47
4239,2474,116,2,18854.15
4240,159,118,5,20491.91
4241,2820,25,2,22987.04
4242,955,532,2,15619.04
4243,835,241,4,18783.38
4244,2080,575,2,18387.65
4245,2638,501,2,7852.59
4246,2725,577,2,22084.29
4247,161,247,5,9686.87
4248,2025,265,2,21869.49
4249,2375,450,3,18781.53
4250,516,424,4,11822.45
4251,1324,281,5,9446.97
4252,549,492,3,13654.9
4253,1832,237,4,5387.71
4254,870,134,1,7512.15
4255,2362,109,4,3674.09
4256,1001,173,5,18896.76
4257,2450,410,1,20140.1
4258,2186,367,5,22071.81
4259,2524,526,1,2559.58
4260,2624,795,3,10295.57
4261,1665,82,3,9863.11
4262,2004,558,1,7375.99
4263,1730,729,2,5849.29
4264,2664,71,1,10230.97
4265,1365,391,1,1068.28
4266,855,396,1,11260.39
4267,1179,385,1,11838.7
4268,1936,623,2,8904.33
4269,2484,767,1,12036.69
4270,618,350,3,1668.1
4271,2679,277,4,1507.0
4272,667,265,2,22637.09
4273,826,513,2,518.76
4274,1956,772,3,20081.33
4275,1019,798,2,18568.21
4276,1754,92,3,21910.42
4277,1272,204,3,11361.22
4278,1414,693,3,3340.16
4279,1490,323,3,9283.31
4280,2670,581,3,22276.28
4281,240,435,1,10876.51
4282,1525,8,1,10337.9
4283,1780,424,2,10930.98
4284,806,795,2,11078.22
4285,1625,536,4,1280.9
4286,1762,483,3,23699.69
4287,1215,708,1,4896.86
4288,519,745,4,930.25
4289,1439,213,4,22294.26
4290,2260,238,5,18499.05
4291,991,57,5,22760.75
4292,1712,696,4,7265.65
4293,1489,600,2,8967.17
4294,435,800,5,930.38
4295,1211,417,3,3211.6
4296,966,117,1,1712.43
4297,1976,710,3,24570.81
4298,2518,772,1,18696.66
4299,1291,541,3,12043.02
4300,1004,194,4,18357.23
4301,740,35,1,16273.84
4302,1167,177,4,20742.36
4303,2666,339,5,2711.76
4304,268,727,1,13451.09
4305,1268,186,5,17594.76
4306,1334,262,3,20384.28
4307,1112,397,4,10034.01
4308,2792,301,2,14934.31
4309,2177,760,4,1457.55
4310,2976,715,3,22368.59
4311,2133,134,4,7466.17
4312,2629,513,1,551.25
4313,1175,115,4,17417.31
4314,1922,761,1,16860.84
4315,2868,458,2,22755.32
4316,1481,473,5,3313.02
4317,1450,292,3,3784.96
4318,2222,240,3,16037.12
4319,2208,420,2,17690.08
4320,2217,167,4,2169.58
4321,2241,750,5,6270.77
4322,1150,736,1,672.79
4323,1353,700,1,7071.72
4324,199,456,1,16004.45
4325,2827,106,2,20235.27
4326,391,638,3,11562.21
4327,1671,346,4,5776.55
4328,1312,77,2,10061.12
4329,492,278,5,17802.96
4330,2150,289,1,15407.24
4331,1939,296,2,19192.11
4332,2005,653,2,15094.49
4333,887,360,2,7601.13
4334,737,555,2,21829.0
4335,67,495,2,13508.4
4336,416,484,3,9440.44
4337,484,675,4,20572.54
4338,759,569,1,19292.52
4339,2498,50,2,16650.43
4340,59,334,4,16180.57
4341,1174,468,4,10234.38
4342,1640,85,3,13326.17
4343,1035,134,1,7860.15
4344,516,480,1,9176.66
4345,1162,535,5,5013.34
4346,1096,739,1,7256.96
4347,868,591,1,6442.15
4348,1417,427,1,563.25
4349,1790,411,3,1179.28
4350,1228,730,1,848.19
4351,571,597,5,13691.34
4352,1714,777,5,22451.08
4353,2359,311,2,14535.65
4354,1738,310,4,22292.66
4355,2709,750,5,6473.93
4356,507,668,3,12448.49
4357,1924,190,2,11222.5
4358,1063,739,4,7626.29
4359,53,573,4,9562.54
4360,2209,58,4,4404.54
4361,2321,124,2,14306.81
4362,2398,177,3,20749.61
4363,2053,161,1,14109.39
4364,176,745,5,938.32
4365,1,564,2,7762.45
4366,1820,416,4,12253.46
4367,268,600,1,9311.83
4368,1181,682,4,20396.51
4369,2996,20,2,19301.11
4370,2145,370,2,12429.36
4371,557,221,5,9278.55
4372,551,370,4,11796.6
4373,1355,315,4,23125.98
4374,2330,685,5,8495.71
4375,2485,112,1,23711.06
4376,2326,194,4,16854.43
4377,823,776,5,14119.29
4378,1493,22,4,20961.27
4379,2109,252,4,17196.19
4380,1672,63,5,6812.65
4381,791,770,4,6641.31
4382,277,722,4,6699.57
4383,438,594,2,12155.17
4384,2785,511,1,19236.97
4385,2655,528,2,18457.06
4386,46,278,5,17521.26
4387,1707,712,4,1149.45
4388,568,312,5,8978.14
4389,181,420,2,17810.27
4390,2671,356,1,22051.44
4391,949,294,3,18675.27
4392,1075,405,3,23509.54
4393,1937,438,4,1123.05
4394,93,694,3,12962.39
4395,1669,613,5,8072.06
4396,1881,106,4,20893.23
4397,2265,278,4,18137.7
4398,2514,359,1,7345.13
4399,1278,42,2,22894.87
4400,352,784,2,3773.75
4401,323,63,2,6675.39
4402,52,184,4,23569.45
4403,1116,232,1,20790.26
4404,1313,762,4,7286.53
4405,2723,262,3,19448.66
4406,675,381,4,12186.43
4407,680,11,5,22447.02
4408,973,778,1,20238.42
4409,2495,473,3,3351.86
4410,1056,41,4,3755.44
4411,961,89,4,6271.21
4412,1457,151,2,16022.41
4413,2360,410,4,20683.84
4414,2879,129,3,15727.78
4415,2980,205,4,2733.14
4416,1417,589,5,18443.52
4417,2782,64,3,15834.27
4418,509,215,4,12270.45
4419,2764,786,4,21141.57
4420,1462,214,2,4695.68
4421,2363,445,2,15092.44
4422,439,265,2,21261.25
4423,1133,364,4,3387.19
4424,1373,790,5,17245.02
4425,2447,144,2,22542.55
4426,2290,181,2,16986.25
4427,2175,594,2,12072.65
4428,1752,239,2,23992.46
4429,2056,786,1,19834.44
4430,126,710,5,23214.8
4431,2571,671,2,12181.49
4432,1399,35,2,16361.22
4433,479,12,3,5577.76
4434,966,239,2,23906.88
4435,2891,648,5,18084.48
4436,2227,527,2,4689.95
4437,1122,376,4,20527.85
4438,1334,85,2,13105.5
4439,1130,499,5,22025.41
4440,2854,13,3,3253.93
4441,1549,451,1,364.79
4442,421,728,3,22811.53
4443,1926,704,1,6269.51
4444,1064,432,5,14787.89
4445,2958,554,1,7323.68
4446,2226,669,4,8729.64
4447,56,723,3,20857.12
4448,1654,746,2,2489.66
4449,1079,502,5,2396.71
4450,493,475,5,6258.81
4451,1667,446,3,14733.44
4452,810,212,2,942.81
4453,1000,462,2,11302.34
4454,681,617,4,6794.19
4455,275,372,5,6669.89
4456,2563,744,2,22603.11
4457,1453,570,2,16258.72
4458,2899,586,1,11961.83
4459,289,468,5,11150.63
4460,714,480,5,9354.38
4461,1195,694,2,12948.83
4462,894,382,1,22461.0
4463,1227,97,5,281.98
4464,2178,776,5,14092.75
4465,132,431,3,22355.1
4466,376,799,1,4782.55
4467,2600,745,1,871.44
4468,2125,12,4,5722.33
4469,917,755,5,610.31
4470,1951,688,1,175.21
4471,798,469,2,2935.59
4472,1842,507,4,21663.91
4473,949,305,5,9017.11
4474,379,545,4,5380.83
4475,1757,573,5,9461.33
4476,3000,631,1,15538.65
4477,1422,1,2,22140.65
4478,1669,190,3,10808.43
4479,879,481,4,2840.55
4480,1658,106,3,19544.36
4481,172,778,4,18706.07
4482,2677,694,4,13254.93
4483,881,587,4,9915.59
4484,408,619,3,23148.21
4485,2406,611,3,12364.11
4486,2665,570,5,15773.11
4487,723,762,3,7099.11
4488,2520,446,3,15007.99
4489,1964,482,1,3153.34
4490,1722,223,1,5116.15
4491,2984,757,1,12391.27
4492,705,150,4,13783.83
4493,309,390,4,15233.38
4494,2205,761,2,16341.06
4495,1934,400,4,12985.36
4496,2733,722,2,6300.1
4497,2279,748,2,19097.83
4498,1632,518,4,16728.37
4499,385,219,5,9220.74
4500,1351,437,4,18448.44
4501,2363,99,5,5111.75
4502,336,618,1,6827.87
4503,928,532,4,15008.94
4504,611,745,1,930.63
4505,1765,213,2,21419.37
4506,983,312,4,9295.11
4507,2512,572,5,1914.07
4508,1591,203,4,23493.3
4509,63,629,3,13242.03
4510,1837,287,1,9580.31
4511,2144,442,1,1381.44
4512,2354,632,1,22315.32
4513,2656,508,1,22704.23
4514,2626,300,3,21917.84
4515,129,573,1,9113.65
4516,2658,359,4,7311.98
4517,2047,733,3,5585.8
4518,2154,589,3,17097.67
4519,2693,506,2,5244.88
4520,2749,240,5,15649.75
4521,211,563,1,7910.86
4522,2997,729,3,5504.3
4523,1045,587,1,10379.06
4524,1906,399,4,22790.07
4525,871,90,5,11206.35
4526,1271,556,3,4248.77
4527,1832,454,1,8027.29
4528,838,772,5,19226.59
4529,648,456,3,15633.12
4530,2924,271,3,13534.49
4531,1500,413,5,6617.41
4532,985,220,5,12190.15
4533,1816,162,3,11816.98
4534,1711,246,1,15348.73
4535,1408,585,5,20888.07
4536,1374,400,3,13251.13
4537,603,623,2,8776.97
4538,2813,228,3,18176.12
4539,1458,238,3,18268.96
4540,2088,416,5,11943.95
4541,2768,115,2,17161.13
4542,1211,703,3,22734.92
4543,1529,241,5,18696.86
4544,2686,6,5,18059.26
4545,653,215,3,12452.75
4546,2136,430,5,12271.31
4547,1347,438,1,1183.96
4548,154,602,1,19412.62
4549,2781,413,3,6704.32
4550,845,471,4,16602.79
4551,2645,597,1,14307.61
4552,1594,84,4,17702.4
4553,1821,182,1,11035.81
4554,839,46,2,16763.85
4555,2206,697,4,3425.97
4556,83,360,5,7602.28
4557,1091,728,5,22713.8
4558,2021,719,1,15537.14
4559,1522,655,1,20105.61
4560,2410,310,1,22536.98
4561,2892,617,2,6574.76
4562,1150,382,2,23937.0
4563,993,426,4,18514.06
4564,2260,229,5,19435.35
4565,354,768,1,9551.61
4566,1584,27,2,4667.44
4567,857,494,2,7457.35
4568,1496,12,1,6059.28
4569,2058,32,1,2873.95
4570,2199,302,3,2682.86
4571,2133,97,5,269.62
4572,2807,384,5,9870.24
4573,1442,766,1,11438.8
4574,2739,623,5,9255.84
4575,2291,119,2,17573.01
4576,1376,641,3,1725.98
4577,1023,365,3,2997.85
4578,1540,98,5,12473.38
4579,314,591,4,6736.32
4580,313,84,5,18388.65
4581,2719,677,4,12606.49
4582,2495,8,5,10245.53
4583,68,319,5,4160.06
4584,2953,612,2,7327.01
4585,245,770,5,6633.36
4586,2207,375,1,15892.45
4587,425,719,1,15475.39
4588,1825,86,2,3450.61
4589,1946,226,2,21782.79
4590,1526,77,2,10326.52
4591,475,362,2,15370.0
4592,6,44,5,2979.62
4593,2711,791,3,7726.71
4594,2608,54,2,5090.07
4595,2137,693,1,3445.5
4596,313,483,4,22907.57
4597,1332,570,3,15836.37
4598,1607,734,4,7768.17
4599,493,8,4,10686.61
4600,2623,70,2,12946.01
4601,1061,759,2,10564.95
4602,1261,666,2,15237.82
4603,1899,398,5,3718.92
4604,2278,380,1,20860.99
4605,2898,503,1,6253.75
4606,1229,121,5,10350.29
4607,136,659,1,1087.51
4608,1714,125,2,21005.44
4609,57,728,2,23097.03
4610,1294,630,5,22204.57
4611,2717,201,1,10624.0
4612,2139,366,5,9542.95
4613,521,521,4,16980.22
4614,639,139,1,15087.71
4615,1922,155,2,18860.6
4616,2252,292,3,3790.87
4617,1346,569,5,19375.54
4618,215,108,1,23466.37
4619,2069,721,4,13179.53
4620,573,585,4,20954.97
4621,1606,50,3,16552.73
4622,2695,353,2,10828.68
4623,1799,145,1,13797.39
4624,1087,433,1,13343.98
4625,805,415,3,22956.79
4626,1970,706,5,11362.7
4627,1928,260,3,23602.44
4628,1467,417,1,3511.42
4629,2925,719,1,15623.09
4630,751,512,1,8666.1
4631,865,794,5,6736.1
4632,294,280,4,12801.0
4633,1383,270,3,8247.14
4634,1720,361,1,16979.82
4635,1553,12,5,5870.42
4636,2973,758,3,14656.13
4637,2841,514,1,3706.68
4638,2323,135,4,5119.41
4639,689,408,4,11942.88
4640,541,226,5,21394.09
4641,1514,357,5,16747.42
4642,933,499,3,20917.32
4643,2767,281,1,9321.07
4644,2443,682,5,20929.59
4645,1065,298,5,8716.24
4646,2391,667,4,460.43
4647,2269,184,3,24149.44
4648,2055,691,5,2286.35
4649,2408,416,4,12295.79
4650,2724,615,3,14596.86
4651,1883,99,4,5567.98
4652,278,293,4,21741.29
4653,2711,646,4,14104.41
4654,310,301,4,15017.57
4655,1040,328,5,2213.44
4656,1298,138,4,1169.55
4657,133,457,4,11769.11
4658,653,777,4,22283.65
4659,2366,788,5,4162.98
4660,123,9,2,626.18
4661,241,535,2,5009.28
4662,1927,410,5,21183.71
4663,2200,647,4,21270.94
4664,1668,48,1,19505.09
4665,249,388,2,15429.63
4666,324,764,4,240.45
4667,638,303,1,11619.88
4668,2547,373,4,3182.14
4669,1393,212,1,951.38
4670,2682,152,3,6686.62
4671,1137,184,2,22904.28
4672,596,350,4,1689.04
4673,1428,1,5,21660.3
4674,705,536,5,1216.73
4675,189,400,1,13334.83
4676,1232,111,3,4300.46
4677,1685,58,3,4502.4
4678,1088,9,3,666.52
4679,2171,234,3,15288.92
4680,860,90,2,11849.63
4681,1041,528,3,18653.13
4682,841,424,1,11142.62
4683,2745,639,2,15834.05
4684,122,153,2,15765.85
4685,2999,744,1,21370.37
4686,1776,88,2,11142.63
4687,707,593,3,8181.77
4688,1305,763,2,13430.11
4689,2687,284,1,2795.5
4690,2862,32,5,3106.1
4691,1835,498,5,19603.34
4692,1479,712,2,1172.36
4693,1401,651,4,20956.89
4694,692,494,5,7436.2
4695,478,155,3,18715.99
4696,2953,153,1,17107.4
4697,688,438,5,1093.42
4698,19,95,2,1611.09
4699,2991,580,5,22650.18
4700,127,112,1,24027.09
4701,1201,698,5,2604.31
4702,181,319,2,4170.73
4703,2979,353,4,11341.3
4704,1933,632,4,22806.51
4705,1122,696,3,7539.6
4706,181,485,4,3993.72
4707,501,795,3,10978.5
4708,1722,428,2,16906.06
4709,85,308,5,6106.04
4710,975,546,2,4382.16
4711,1241,776,4,14092.3
4712,1267,153,3,16043.95
4713,1522,766,2,10879.27
4714,1399,330,2,20643.35
4715,188,70,4,13030.81
4716,67,696,5,7858.21
4717,253,567,1,2780.78
4718,1876,256,3,2256.55
4719,2773,236,5,5110.89
4720,239,192,5,9556.95
4721,2736,163,1,24891.73
4722,2609,452,4,6840.66
4723,333,389,4,15610.0
4724,227,546,2,4546.53
4725,1520,508,3,21336.49
4726,942,714,5,9126.34
4727,1991,741,2,16049.72
4728,904,484,3,8816.3
4729,1898,701,2,3951.56
4730,2733,400,5,13204.05
4731,1916,195,1,10472.94
4732,1995,769,2,4497.54
4733,894,98,1,12822.53
4734,2787,303,1,11745.22
4735,13,270,2,7762.41
4736,2760,125,1,20881.48
4737,1406,84,3,19341.65
4738,623,365,2,3152.35
4739,2006,612,4,7496.27
4740,2139,361,4,16100.87
4741,1585,210,2,5784.36
4742,839,628,4,11319.61
4743,1495,126,3,18431.54
4744,518,249,3,3215.38
4745,462,462,2,11272.5
4746,756,631,4,14184.26
4747,1323,26,1,17017.35
4748,115,649,3,18275.67
4749,616,309,5,2088.23
4750,1530,374,5,21809.99
4751,1396,565,4,17724.69
4752,1683,752,5,11812.07
4753,2403,95,4,1614.43
4754,687,55,2,17808.14
4755,1162,587,5,9835.63
4756,2609,622,3,11349.37
4757,942,448,2,5633.5
4758,160,503,3,6537.08
4759,209,47,2,20868.38
4760,505,165,2,19717.91
4761,2050,617,3,6609.85
4762,2619,42,4,22172.77
4763,2297,462,2,11346.94
4764,1938,320,5,1139.17
4765,434,406,5,686.97
4766,2352,471,4,16583.0
4767,2257,509,3,10570.17
4768,1158,19,2,4428.37
4769,775,421,3,19493.61
4770,353,4,4,15515.1
4771,394,735,2,16460.46
4772,2409,563,2,7404.22
4773,415,186,5,16131.99
4774,1154,595,2,9764.78
4775,392,516,4,18861.8
4776,2647,551,2,2198.91
4777,925,268,4,15056.85
4778,1382,268,2,15823.46
4779,403,203,1,24461.79
4780,2168,740,3,19121.14
4781,2516,442,5,1293.81
4782,2431,779,1,24462.0
4783,2946,411,4,1150.98
4784,609,280,5,12517.76
4785,1618,238,1,18131.84
4786,1788,259,3,9535.69
4787,2330,349,5,24060.78
4788,994,284,5,2975.4
4789,1734,576,1,14787.66
4790,2826,534,3,24391.29
4791,236,444,3,15537.35
4792,2065,268,2,15031.61
4793,771,399,2,23089.83
4794,2436,699,1,2984.55
4795,1085,725,1,2455.48
4796,2604,728,2,22897.01
4797,948,259,5,9420.98
4798,1950,706,4,11313.77
4799,677,594,3,13165.19
4800,1793,756,5,8476.66
4801,923,727,3,13838.27
4802,233,265,2,21084.19
4803,4,253,4,9988.61
4804,1339,203,1,22738.86
4805,644,420,2,18354.63
4806,833,404,3,17304.23
4807,1739,182,4,10571.62
4808,1679,438,5,1134.67
4809,88,500,3,12744.8
4810,2692,370,5,12267.74
4811,649,214,3,4671.67
4812,235,264,5,22108.55
4813,1899,355,2,3170.04
4814,891,569,1,19892.47
4815,1095,669,5,9202.62
4816,2825,184,4,23999.0
4817,1660,134,2,7352.45
4818,1403,622,1,11918.51
4819,2932,502,4,2231.1
4820,2574,29,1,1269.56
4821,1087,84,2,18733.08
4822,731,343,3,22711.23
4823,1902,1,3,21572.06
4824,2995,768,2,9205.67
4825,1661,258,4,1577.94
4826,1626,777,1,21985.97
4827,1600,600,5,8729.04
4828,551,3,5,18247.61
4829,2153,100,4,8313.49
4830,373,257,4,18100.98
4831,1209,19,3,4633.97
4832,1653,675,5,20565.89
4833,187,92,3,22299.81
4834,2159,493,2,7289.6
4835,548,28,4,17426.97
4836,1269,587,4,10166.96
4837,1319,237,4,5214.14
4838,391,38,5,15080.18
4839,1655,122,1,20890.82
4840,2456,780,2,6203.06
4841,2938,443,3,1341.5
4842,755,178,1,12967.92
4843,1666,397,5,10023.35
4844,160,163,3,24702.7
4845,2823,636,4,1308.1
4846,1124,771,3,17640.69
4847,1066,699,4,3029.99
4848,916,161,4,13698.37
4849,1714,122,1,20635.74
4850,1145,316,5,3638.7
4851,312,478,4,864.05
4852,477,188,4,19696.33
4853,1330,601,4,4085.21
4854,752,417,5,3396.01
4855,2307,549,5,7554.4
4856,2509,65,1,2994.49
4857,1382,537,3,13691.19
4858,598,486,2,20147.51
4859,138,513,4,552.3
4860,2213,491,5,11776.35
4861,2293,218,2,18877.17
4862,1807,421,3,19222.68
4863,2011,509,1,10760.11
4864,413,206,2,7119.81
4865,1177,505,4,5279.48
4866,1056,784,3,3711.75
4867,162,271,3,14245.15
4868,2252,672,4,10756.78
4869,1605,266,5,4463.3
4870,673,454,1,7822.67
4871,1452,644,2,1715.92
4872,2779,454,3,8253.31
4873,2650,664,1,17016.33
4874,446,133,3,6210.23
4875,2633,374,2,21229.2
4876,600,174,5,472.54
4877,2401,573,3,9785.71
4878,657,766,5,11454.78
4879,2288,323,2,8957.94
4880,459,265,3,22953.15
4881,1722,243,4,2916.11
4882,214,358,3,17405.39
4883,543,34,4,13521.55
4884,393,384,2,10390.52
4885,209,204,5,10779.88
4886,2744,413,5,6524.8
4887,1584,739,5,6976.42
4888,666,417,5,3334.84
4889,615,759,5,9828.17
4890,1656,284,1,2853.84
4891,2826,470,2,12212.06
4892,1223,282,1,10824.55
4893,957,740,4,18277.64
4894,452,724,3,13091.4
4895,513,322,1,12139.75
4896,2419,756,2,8131.87
4897,1994,529,2,14004.9
4898,1601,463,5,15111.74
4899,1690,207,3,6918.23
4900,54,479,3,9122.26
4901,9,273,4,11009.31
4902,1833,764,1,226.4
4903,381,140,4,13257.31
4904,1346,585,5,20135.4
4905,242,115,3,16766.87
4906,333,55,5,18136.49
4907,2228,72,1,7853.11
4908,2851,22,2,22308.95
4909,2546,447,1,6868.08
4910,926,547,1,18723.52
4911,1972,611,3,12512.03
4912,1221,307,5,7727.43
4913,2791,473,4,3279.93
4914,2399,481,2,2948.82
4915,2188,242,1,4223.37
4916,1574,270,3,7944.47
4917,2064,330,4,21828.08
4918,985,381,3,12824.82
4919,2760,485,5,3840.59
4920,731,350,1,1708.74
4921,2570,353,2,11210.93
4922,630,191,4,15677.68
4923,1559,414,5,23089.53
4924,1194,444,4,15473.11
4925,805,88,5,10871.78
4926,2034,123,2,21175.56
4927,2331,245,4,1218.1
4928,2854,224,5,14834.01
4929,123,193,4,986.0
4930,1775,373,5,3083.9
4931,597,534,3,24338.77
4932,1525,105,2,18893.49
4933,1186,255,4,8894.91
4934,626,513,4,498.25
4935,154,711,5,2381.72
4936,664,12,4,5808.97
4937,1071,777,1,22855.82
4938,766,772,4,19919.71
4939,2180,373,1,3161.23
4940,1509,438,3,1080.7
4941,1202,37,4,22138.69
4942,2653,780,5,6349.09
4943,2939,309,4,2073.28
4944,1384,276,5,16676.36
4945,328,11,2,20960.71
4946,1207,788,3,4191.07
4947,1921,444,3,16496.87
4948,246,707,1,441.23
4949,2797,269,5,17063.46
4950,642,190,5,10703.41
4951,2588,11,2,20651.27
4952,1168,463,5,15812.31
4953,966,519,2,969.9
4954,2245,400,3,13042.94
4955,2824,85,4,13290.88
4956,26,532,3,15567.65
4957,2333,515,3,20750.94
4958,144,274,1,6626.55
4959,1097,675,5,21275.68
4960,1135,761,5,16104.6
4961,2064,205,2,2792.41
4962,1999,35,4,16165.2
4963,2964,381,4,11898.9
4964,1534,731,3,21711.73
4965,2669,635,5,16057.38
4966,1806,128,3,16526.29
4967,410,665,1,6162.4
4968,1869,622,5,11892.43
4969,580,412,4,12779.99
4970,2536,22,5,22759.0
4971,1769,170,2,17731.58
4972,1425,410,3,20455.63
4973,2069,4,2,14938.89
4974,251,612,5,6881.83
4975,1377,362,3,15128.34
4976,271,62,2,5509.07
4977,965,214,2,4639.01
4978,1338,150,5,12975.75
4979,1270,96,5,23603.78
4980,94,335,1,13931.22
4981,502,132,2,22619.97
4982,189,545,2,5644.54
4983,2587,777,4,23580.59
4984,449,130,1,6940.14
4985,1020,128,1,17261.87
4986,85,58,3,4283.38
4987,1046,295,4,3596.02
4988,326,529,3,13400.56
4989,1158,498,5,20080.81
4990,2412,210,5,6257.76
4991,1828,767,2,11406.97
4992,1516,734,3,8089.81
4993,888,336,2,5248.04
4994,1560,108,3,23410.68
4995,1435,549,2,7607.27
4996,1593,695,2,7224.06
4997,1147,142,4,20439.21
4998,2537,135,5,5170.68
4999,1841,101,5,19655.09
5000,175,372,3,6990.44
