shipping_id,order_id,shipping_date,return_date,shipping_providers,delivery_status
1,1,2023-07-08,,Amazon Logistics,Delivered
2,2,2023-03-05,,Amazon Logistics,Delivered
3,3,2023-06-23,,India Post,In Transit
4,4,2022-11-21,,DTDC,Delivered
5,5,2023-08-18,,FedEx,Cancelled
6,6,2022-12-30,,Delhivery,Delivered
7,7,2022-02-02,,FedEx,Delivered
8,8,2022-06-20,,FedEx,Delivered
9,9,2023-09-06,,India Post,Delivered
10,10,2022-11-24,,DTDC,Delivered
11,11,2022-04-02,,DTDC,Delivered
12,12,2022-11-11,,Ekart,Delivered
13,13,2022-04-29,,BlueDart,Cancelled
14,14,2022-04-08,,BlueDart,Delivered
15,15,2023-05-13,,FedEx,Delivered
16,16,2022-12-20,,DTDC,In Transit
17,17,2023-06-26,,India Post,Delivered
18,18,2022-04-12,,India Post,In Transit
19,19,2022-05-19,,India Post,Delivered
20,20,2023-02-02,,FedEx,Delivered
21,21,2022-11-20,,Delhivery,In Transit
22,22,2023-09-04,,DTDC,Delivered
23,23,2022-02-21,,India Post,In Transit
24,24,2022-11-19,,BlueDart,In Transit
25,25,2023-10-19,,DTDC,Delivered
26,26,2022-07-18,,Ekart,Delivered
27,27,2023-04-01,,FedEx,Delivered
28,28,2022-06-14,,DTDC,Delivered
29,29,2023-10-03,,FedEx,Delivered
30,30,2023-07-12,,DTDC,Delivered
31,31,2022-05-28,,FedEx,Cancelled
32,32,2023-08-16,,BlueDart,Delivered
33,33,2023-09-21,,FedEx,Delivered
34,34,2022-02-23,,India Post,Delivered
35,35,2023-11-25,,Ekart,Delivered
36,36,2022-04-03,,Amazon Logistics,Delivered
37,37,2023-09-06,,DTDC,Delivered
38,38,2023-12-12,,Amazon Logistics,Delivered
39,39,2022-11-20,,India Post,In Transit
40,40,2023-11-22,,Ekart,Delivered
41,41,2023-04-25,,DTDC,Delivered
42,42,2023-12-22,,Amazon Logistics,Delivered
43,43,2023-12-04,,DTDC,In Transit
44,44,2023-04-30,,India Post,Delivered
45,45,2023-09-25,,Delhivery,Delivered
46,46,2023-12-20,,FedEx,Delivered
47,47,2022-12-03,,Delhivery,Delivered
48,48,2023-05-05,,India Post,Delivered
49,49,2022-06-29,,Amazon Logistics,Delivered
50,50,2023-08-14,,Ekart,Delivered
51,51,2022-04-25,,Ekart,Delivered
52,52,2022-11-11,,BlueDart,Delivered
53,53,2023-03-01,,Ekart,Delivered
54,54,2022-06-13,,India Post,Delivered
55,55,2022-12-18,,Amazon Logistics,Delivered
56,56,2023-03-25,,DTDC,Delivered
57,57,2022-09-04,,DTDC,In Transit
58,58,2024-01-04,,Amazon Logistics,Delivered
59,59,2023-09-06,,FedEx,Delivered
60,60,2023-04-05,,Ekart,Pending
61,61,2022-03-16,,India Post,In Transit
62,62,2023-09-04,,Ekart,Delivered
63,63,2023-10-27,,Delhivery,Delivered
64,64,2022-05-25,2022-06-01,Amazon Logistics,Returned
65,65,2023-10-18,,India Post,In Transit
66,66,2023-11-12,,BlueDart,Delivered
67,67,2023-02-06,,DTDC,Delivered
68,68,2022-08-02,,FedEx,Delivered
69,69,2023-11-29,,DTDC,In Transit
70,70,2022-12-20,,Delhivery,Delivered
71,71,2023-06-11,2023-06-19,Ekart,Returned
72,72,2022-03-08,,FedEx,Pending
73,73,2022-01-02,,Ekart,Cancelled
74,74,2023-01-06,2023-01-09,Amazon Logistics,Returned
75,75,2022-08-31,,Amazon Logistics,Delivered
76,76,2023-10-05,,Ekart,Delivered
77,77,2023-01-28,,India Post,Delivered
78,78,2022-07-01,,Ekart,Delivered
79,79,2023-02-01,,Delhivery,Cancelled
80,80,2022-06-08,,DTDC,Delivered
81,81,2022-01-15,,BlueDart,Delivered
82,82,2023-05-16,,DTDC,Pending
83,83,2022-05-21,,Ekart,Delivered
84,84,2023-03-03,2023-03-05,DTDC,Returned
85,85,2023-12-17,,DTDC,Delivered
86,86,2023-04-14,,FedEx,Delivered
87,87,2023-04-08,,Amazon Logistics,Delivered
88,88,2023-03-14,,DTDC,Delivered
89,89,2022-09-03,,FedEx,Delivered
90,90,2023-07-17,,Amazon Logistics,Delivered
91,91,2022-02-11,,Ekart,In Transit
92,92,2022-04-28,,BlueDart,Pending
93,93,2022-03-27,,FedEx,In Transit
94,94,2022-10-16,,Delhivery,Delivered
95,95,2023-09-20,,Amazon Logistics,Delivered
96,96,2023-11-15,,India Post,Delivered
97,97,2023-10-15,,Ekart,Delivered
98,98,2022-03-01,,BlueDart,Delivered
99,99,2022-01-17,,Amazon Logistics,Delivered
100,100,2023-05-01,,DTDC,Delivered
101,101,2022-12-29,,DTDC,Delivered
102,102,2022-02-11,,BlueDart,In Transit
103,103,2023-08-02,,FedEx,Delivered
104,104,2023-08-20,,Amazon Logistics,Delivered
105,105,2022-10-27,,DTDC,Delivered
106,106,2022-10-23,,BlueDart,Delivered
107,107,2022-03-24,,BlueDart,Delivered
108,108,2023-09-26,2023-10-03,India Post,Returned
109,109,2022-01-19,,FedEx,Delivered
110,110,2023-09-01,,Amazon Logistics,In Transit
111,111,2023-01-16,,BlueDart,Delivered
112,112,2023-12-24,,Ekart,Delivered
113,113,2023-06-30,,Delhivery,Delivered
114,114,2022-03-30,,Ekart,Delivered
115,115,2022-06-12,,Ekart,In Transit
116,116,2023-02-28,,Amazon Logistics,Delivered
117,117,2023-04-01,,India Post,Delivered
118,118,2023-08-17,,Amazon Logistics,Delivered
119,119,2022-09-29,,India Post,Delivered
120,120,2023-04-25,,BlueDart,Delivered
121,121,2023-07-05,,FedEx,In Transit
122,122,2023-02-09,,FedEx,Delivered
123,123,2023-03-27,2023-04-03,India Post,Returned
124,124,2023-04-06,,BlueDart,Delivered
125,125,2023-06-28,,DTDC,Delivered
126,126,2023-07-02,,Amazon Logistics,Pending
127,127,2023-03-24,2023-03-29,FedEx,Returned
128,128,2022-12-11,,BlueDart,Cancelled
129,129,2022-09-20,,DTDC,Delivered
130,130,2023-11-25,,Delhivery,In Transit
131,131,2023-08-27,,Delhivery,Delivered
132,132,2023-11-29,,DTDC,Delivered
133,133,2022-01-12,,BlueDart,Cancelled
134,134,2022-01-18,,India Post,Delivered
135,135,2023-12-05,,India Post,Delivered
136,136,2022-10-20,,India Post,Delivered
137,137,2023-09-29,,FedEx,Pending
138,138,2023-11-08,,Delhivery,Pending
139,139,2023-10-20,,FedEx,Pending
140,140,2022-03-31,,Delhivery,Delivered
141,141,2023-11-05,,India Post,Delivered
142,142,2022-07-11,,FedEx,In Transit
143,143,2022-09-22,,India Post,In Transit
144,144,2022-03-23,2022-04-02,Delhivery,Returned
145,145,2022-10-12,,FedEx,In Transit
146,146,2023-11-20,,FedEx,Delivered
147,147,2022-06-17,,FedEx,Delivered
148,148,2022-03-08,,DTDC,Delivered
149,149,2022-03-07,,FedEx,Delivered
150,150,2022-03-14,,Amazon Logistics,Delivered
151,151,2022-07-06,,Amazon Logistics,Delivered
152,152,2023-07-12,,Ekart,Delivered
153,153,2023-10-25,,Delhivery,In Transit
154,154,2022-04-19,,Amazon Logistics,Delivered
155,155,2022-09-16,,India Post,Delivered
156,156,2023-05-26,,FedEx,Delivered
157,157,2022-02-10,,DTDC,Delivered
158,158,2023-12-23,,India Post,Delivered
159,159,2023-06-13,,Delhivery,Delivered
160,160,2023-03-26,,Delhivery,Cancelled
161,161,2022-03-17,,Ekart,Delivered
162,162,2023-12-10,,Ekart,Delivered
163,163,2023-08-07,,Delhivery,Delivered
164,164,2022-11-11,,DTDC,Delivered
165,165,2023-10-28,,Amazon Logistics,Delivered
166,166,2022-12-16,,DTDC,In Transit
167,167,2022-10-28,,India Post,Delivered
168,168,2022-02-15,,Delhivery,In Transit
169,169,2022-11-05,2022-11-14,FedEx,Returned
170,170,2023-10-12,,Ekart,Delivered
171,171,2023-10-12,,Ekart,Delivered
172,172,2022-02-11,,Amazon Logistics,In Transit
173,173,2023-09-03,,FedEx,Delivered
174,174,2023-07-09,,India Post,Delivered
175,175,2023-04-11,,Ekart,Delivered
176,176,2022-03-03,,Amazon Logistics,Delivered
177,177,2022-05-05,,DTDC,In Transit
178,178,2023-04-20,2023-04-24,DTDC,Returned
179,179,2023-07-08,,FedEx,Delivered
180,180,2022-03-19,,India Post,Delivered
181,181,2023-11-02,2023-11-08,DTDC,Returned
182,182,2023-09-30,,Amazon Logistics,In Transit
183,183,2022-05-19,,Delhivery,Delivered
184,184,2022-11-16,,FedEx,Delivered
185,185,2022-06-27,,Delhivery,Delivered
186,186,2022-04-20,,Amazon Logistics,Delivered
187,187,2023-09-26,,DTDC,Cancelled
188,188,2023-03-17,,Ekart,In Transit
189,189,2022-12-02,,India Post,Delivered
190,190,2022-05-23,,Delhivery,In Transit
191,191,2023-09-05,,DTDC,Delivered
192,192,2022-10-09,,Delhivery,Delivered
193,193,2023-12-19,,Amazon Logistics,Delivered
194,194,2022-09-12,,Amazon Logistics,Delivered
195,195,2022-04-14,,Amazon Logistics,Delivered
196,196,2022-06-16,,FedEx,Delivered
197,197,2022-01-12,,DTDC,In Transit
198,198,2023-09-05,,Ekart,Delivered
199,199,2023-05-07,,Ekart,Delivered
200,200,2023-10-23,,BlueDart,Delivered
201,201,2022-09-03,,India Post,Delivered
202,202,2022-02-13,,Delhivery,In Transit
203,203,2023-09-21,,FedEx,Delivered
204,204,2022-11-07,,Delhivery,Delivered
205,205,2022-09-01,,DTDC,Pending
206,206,2022-04-12,2022-04-22,Ekart,Returned
207,207,2023-07-09,,Delhivery,Delivered
208,208,2023-10-05,,Delhivery,Delivered
209,209,2022-07-22,,Delhivery,In Transit
210,210,2023-05-03,,Ekart,Delivered
211,211,2022-02-19,,Amazon Logistics,Delivered
212,212,2022-08-06,,BlueDart,Delivered
213,213,2023-04-14,,India Post,In Transit
214,214,2023-07-06,,Delhivery,Cancelled
215,215,2023-05-17,,Ekart,Delivered
216,216,2022-09-02,,DTDC,Delivered
217,217,2022-12-05,,DTDC,In Transit
218,218,2022-12-04,,FedEx,Delivered
219,219,2022-08-24,,BlueDart,In Transit
220,220,2022-07-27,,Amazon Logistics,Delivered
221,221,2023-08-26,2023-09-02,FedEx,Returned
222,222,2022-06-02,,India Post,Delivered
223,223,2023-02-04,,India Post,Delivered
224,224,2022-07-22,,India Post,Pending
225,225,2022-07-31,,India Post,Delivered
226,226,2023-08-09,,Amazon Logistics,Delivered
227,227,2023-04-26,,FedEx,Delivered
228,228,2022-12-22,,FedEx,Delivered
229,229,2023-10-17,2023-10-19,DTDC,Returned
230,230,2023-08-18,2023-08-21,Amazon Logistics,Returned
231,231,2022-04-01,,Ekart,Delivered
232,232,2022-08-14,,India Post,Cancelled
233,233,2022-10-17,,DTDC,Delivered
234,234,2022-09-13,,FedEx,Delivered
235,235,2022-08-19,,Delhivery,Pending
236,236,2023-08-15,,Delhivery,Delivered
237,237,2022-02-17,,Ekart,In Transit
238,238,2023-06-02,,DTDC,Delivered
239,239,2023-05-10,,BlueDart,Cancelled
240,240,2023-04-12,,Ekart,Delivered
241,241,2022-01-16,,Delhivery,Delivered
242,242,2022-08-15,,Amazon Logistics,Delivered
243,243,2023-10-29,,Delhivery,Delivered
244,244,2022-11-10,,BlueDart,Delivered
245,245,2023-08-11,,Delhivery,Delivered
246,246,2023-04-12,,India Post,Delivered
247,247,2023-12-27,,Ekart,Cancelled
248,248,2023-01-19,,DTDC,In Transit
249,249,2022-01-06,,India Post,Delivered
250,250,2023-12-10,,Amazon Logistics,Delivered
251,251,2023-03-16,,Delhivery,In Transit
252,252,2023-09-21,,Delhivery,Cancelled
253,253,2023-12-06,2023-12-09,India Post,Returned
254,254,2022-03-03,,BlueDart,Delivered
255,255,2022-02-27,,FedEx,Delivered
256,256,2023-09-29,,India Post,Delivered
257,257,2023-10-27,,Amazon Logistics,Delivered
258,258,2023-12-31,,Ekart,Delivered
259,259,2022-12-12,,India Post,Delivered
260,260,2023-05-06,,Delhivery,Delivered
261,261,2023-12-23,,DTDC,In Transit
262,262,2022-08-24,2022-08-31,BlueDart,Returned
263,263,2023-06-05,,BlueDart,Delivered
264,264,2022-03-09,,Delhivery,Delivered
265,265,2023-05-31,,Amazon Logistics,Delivered
266,266,2023-07-01,2023-07-11,Amazon Logistics,Returned
267,267,2023-04-12,,Ekart,Cancelled
268,268,2023-12-15,,India Post,Delivered
269,269,2023-04-16,,Delhivery,Delivered
270,270,2022-07-07,,India Post,Delivered
271,271,2022-10-15,,India Post,Delivered
272,272,2022-06-05,,Amazon Logistics,Delivered
273,273,2023-10-08,,Delhivery,Delivered
274,274,2023-12-02,,Delhivery,Delivered
275,275,2023-03-12,,BlueDart,Delivered
276,276,2022-10-27,,Ekart,Delivered
277,277,2022-08-27,,India Post,Delivered
278,278,2023-03-03,,FedEx,In Transit
279,279,2022-12-02,,India Post,In Transit
280,280,2023-07-01,,BlueDart,Delivered
281,281,2022-11-09,2022-11-16,Delhivery,Returned
282,282,2022-11-12,,FedEx,Delivered
283,283,2023-01-17,,FedEx,In Transit
284,284,2022-02-21,,DTDC,Delivered
285,285,2022-06-24,,Amazon Logistics,In Transit
286,286,2022-10-23,,FedEx,Cancelled
287,287,2023-12-15,,DTDC,Cancelled
288,288,2022-06-20,,FedEx,Delivered
289,289,2022-11-22,,DTDC,Delivered
290,290,2023-01-16,,Ekart,Delivered
291,291,2022-02-06,,India Post,Pending
292,292,2022-06-03,,DTDC,Delivered
293,293,2022-06-21,,FedEx,Delivered
294,294,2022-01-30,,BlueDart,In Transit
295,295,2023-04-16,,Amazon Logistics,Delivered
296,296,2023-07-17,,Delhivery,Delivered
297,297,2023-12-27,2024-01-06,Amazon Logistics,Returned
298,298,2023-08-13,,BlueDart,Cancelled
299,299,2023-04-01,,Amazon Logistics,Delivered
300,300,2023-05-07,,India Post,Delivered
301,301,2023-07-23,,Ekart,Delivered
302,302,2023-09-28,,BlueDart,Delivered
303,303,2022-04-07,,BlueDart,Delivered
304,304,2022-07-23,,BlueDart,Delivered
305,305,2022-10-13,,FedEx,Delivered
306,306,2023-04-04,,Delhivery,Pending
307,307,2023-06-10,,Ekart,Delivered
308,308,2023-09-15,,FedEx,Pending
309,309,2023-11-18,,DTDC,Delivered
310,310,2023-03-17,,Amazon Logistics,Delivered
311,311,2022-10-21,,Amazon Logistics,Delivered
312,312,2023-04-06,,BlueDart,Delivered
313,313,2023-04-03,,Ekart,Cancelled
314,314,2022-10-25,,Amazon Logistics,Pending
315,315,2023-03-13,,BlueDart,Delivered
316,316,2023-08-28,,Delhivery,Delivered
317,317,2022-11-08,,FedEx,Pending
318,318,2022-03-11,,Ekart,In Transit
319,319,2022-04-04,,Delhivery,Delivered
320,320,2022-10-08,,Delhivery,Delivered
321,321,2024-01-02,2024-01-10,Ekart,Returned
322,322,2022-07-27,,Ekart,Delivered
323,323,2023-05-19,,Delhivery,Cancelled
324,324,2022-11-10,,Delhivery,In Transit
325,325,2022-08-22,,BlueDart,Delivered
326,326,2022-11-08,,DTDC,Cancelled
327,327,2023-05-02,,FedEx,In Transit
328,328,2022-10-23,,Ekart,Delivered
329,329,2023-12-08,,DTDC,Delivered
330,330,2022-10-15,,DTDC,Delivered
331,331,2023-01-09,,DTDC,Delivered
332,332,2022-09-24,,Ekart,Delivered
333,333,2023-12-16,,Delhivery,Delivered
334,334,2023-08-14,,India Post,Delivered
335,335,2022-03-03,,Ekart,Delivered
336,336,2023-12-15,,India Post,Delivered
337,337,2022-10-08,,Delhivery,Delivered
338,338,2023-01-04,,India Post,Delivered
339,339,2023-10-20,,BlueDart,Delivered
340,340,2023-10-07,,BlueDart,Delivered
341,341,2022-06-24,2022-07-02,FedEx,Returned
342,342,2023-12-07,,BlueDart,Delivered
343,343,2023-12-20,,FedEx,Delivered
344,344,2023-08-18,,DTDC,Delivered
345,345,2023-06-19,,BlueDart,Cancelled
346,346,2023-02-27,,Delhivery,Delivered
347,347,2022-06-09,,India Post,Cancelled
348,348,2023-08-01,,BlueDart,Cancelled
349,349,2023-06-27,,Ekart,In Transit
350,350,2023-12-26,,Delhivery,Delivered
351,351,2022-03-22,2022-03-27,DTDC,Returned
352,352,2023-05-09,,FedEx,In Transit
353,353,2022-05-25,2022-05-30,BlueDart,Returned
354,354,2023-09-07,,DTDC,Pending
355,355,2022-07-01,,DTDC,Delivered
356,356,2022-05-07,2022-05-14,BlueDart,Returned
357,357,2022-05-30,,DTDC,Delivered
358,358,2022-08-07,,Amazon Logistics,Delivered
359,359,2022-04-26,,Ekart,Cancelled
360,360,2023-03-23,,DTDC,Delivered
361,361,2023-11-09,,Delhivery,Delivered
362,362,2022-05-03,,India Post,Delivered
363,363,2022-11-10,,Delhivery,In Transit
364,364,2022-05-08,,Delhivery,Delivered
365,365,2022-07-27,,Delhivery,Delivered
366,366,2022-04-07,,India Post,Pending
367,367,2023-08-20,,Ekart,Delivered
368,368,2023-06-02,,Amazon Logistics,Delivered
369,369,2023-06-05,,India Post,Delivered
370,370,2023-08-19,,India Post,Delivered
371,371,2022-07-17,,FedEx,Delivered
372,372,2023-07-06,,Delhivery,Delivered
373,373,2022-08-09,2022-08-15,BlueDart,Returned
374,374,2023-05-03,,DTDC,Delivered
375,375,2023-03-30,,FedEx,Delivered
376,376,2023-01-04,,BlueDart,Delivered
377,377,2022-08-25,,BlueDart,In Transit
378,378,2022-11-19,,FedEx,Delivered
379,379,2022-05-22,,Delhivery,Delivered
380,380,2022-10-26,,Ekart,Delivered
381,381,2022-12-05,,India Post,Delivered
382,382,2023-04-15,,Delhivery,Delivered
383,383,2023-04-04,,Delhivery,Delivered
384,384,2023-03-17,2023-03-19,DTDC,Returned
385,385,2023-05-07,,India Post,Delivered
386,386,2022-01-17,,India Post,In Transit
387,387,2023-02-13,,Delhivery,In Transit
388,388,2022-04-02,,India Post,Delivered
389,389,2023-12-14,,BlueDart,In Transit
390,390,2022-06-27,,Amazon Logistics,Pending
391,391,2022-12-18,,DTDC,Cancelled
392,392,2023-02-19,,Ekart,Cancelled
393,393,2023-05-30,,Delhivery,In Transit
394,394,2023-08-23,,Ekart,In Transit
395,395,2023-10-23,,India Post,Delivered
396,396,2023-11-16,,BlueDart,Pending
397,397,2023-06-12,,BlueDart,In Transit
398,398,2022-04-24,,Ekart,Delivered
399,399,2022-08-26,,BlueDart,Delivered
400,400,2022-02-26,,DTDC,Delivered
401,401,2022-02-02,,Delhivery,Delivered
402,402,2023-12-02,,India Post,Delivered
403,403,2023-10-03,,Amazon Logistics,Delivered
404,404,2023-06-19,,India Post,Cancelled
405,405,2022-07-31,,India Post,Delivered
406,406,2023-06-05,,BlueDart,Delivered
407,407,2023-07-12,,India Post,Pending
408,408,2022-02-07,,DTDC,Delivered
409,409,2022-11-23,,FedEx,Delivered
410,410,2022-02-07,,Ekart,Delivered
411,411,2022-11-11,,FedEx,Delivered
412,412,2023-03-22,,DTDC,In Transit
413,413,2023-05-16,,DTDC,Delivered
414,414,2023-05-23,,BlueDart,In Transit
415,415,2023-08-13,,India Post,Delivered
416,416,2022-06-12,,India Post,Delivered
417,417,2023-05-27,,Delhivery,Delivered
418,418,2022-12-29,,Amazon Logistics,Delivered
419,419,2022-01-30,,BlueDart,Delivered
420,420,2023-01-14,,India Post,Delivered
421,421,2023-10-06,,Amazon Logistics,Delivered
422,422,2022-12-25,,BlueDart,Delivered
423,423,2023-11-13,,FedEx,Delivered
424,424,2022-11-21,2022-11-26,Delhivery,Returned
425,425,2022-03-10,,Ekart,Delivered
426,426,2022-06-28,,Delhivery,Delivered
427,427,2023-04-21,,DTDC,Delivered
428,428,2023-03-12,,BlueDart,In Transit
429,429,2023-08-31,,FedEx,Delivered
430,430,2023-02-07,,India Post,Delivered
431,431,2023-05-19,,BlueDart,In Transit
432,432,2022-12-15,,DTDC,Cancelled
433,433,2023-11-18,,Amazon Logistics,Delivered
434,434,2023-01-11,,Amazon Logistics,Delivered
435,435,2023-10-15,,India Post,Cancelled
436,436,2023-07-06,,FedEx,Delivered
437,437,2022-11-03,,Amazon Logistics,Cancelled
438,438,2023-10-05,,Ekart,In Transit
439,439,2023-08-17,,India Post,Delivered
440,440,2022-03-14,,Amazon Logistics,Delivered
441,441,2022-08-07,,Amazon Logistics,In Transit
442,442,2022-11-09,,BlueDart,Delivered
443,443,2023-07-12,,DTDC,Delivered
444,444,2022-09-19,,Delhivery,Delivered
445,445,2023-07-16,,Ekart,Delivered
446,446,2023-06-18,,India Post,Delivered
447,447,2022-08-10,,Ekart,Pending
448,448,2022-10-04,,India Post,Delivered
449,449,2023-09-24,2023-10-03,BlueDart,Returned
450,450,2023-08-08,,India Post,Delivered
451,451,2022-07-27,,Ekart,Delivered
452,452,2022-06-05,,Amazon Logistics,In Transit
453,453,2023-03-24,2023-04-01,Amazon Logistics,Returned
454,454,2022-03-08,,BlueDart,Cancelled
455,455,2022-10-06,,Ekart,Delivered
456,456,2022-09-25,,Amazon Logistics,Delivered
457,457,2022-09-03,,India Post,Delivered
458,458,2022-09-10,,BlueDart,Delivered
459,459,2023-08-02,,Amazon Logistics,Delivered
460,460,2022-02-09,,Ekart,Delivered
461,461,2022-01-31,,FedEx,In Transit
462,462,2022-07-01,,FedEx,Pending
463,463,2023-05-16,,Amazon Logistics,Delivered
464,464,2022-04-01,,BlueDart,Delivered
465,465,2022-03-12,2022-03-15,India Post,Returned
466,466,2023-11-23,,BlueDart,Delivered
467,467,2022-05-25,,Amazon Logistics,Delivered
468,468,2023-05-30,,Delhivery,Delivered
469,469,2023-08-22,,India Post,Pending
470,470,2022-09-19,,India Post,Delivered
471,471,2022-05-08,,FedEx,Delivered
472,472,2023-08-23,,DTDC,Cancelled
473,473,2022-09-04,,Ekart,Delivered
474,474,2022-04-24,,Amazon Logistics,Pending
475,475,2023-03-31,2023-04-09,Amazon Logistics,Returned
476,476,2022-02-28,,BlueDart,Delivered
477,477,2022-04-29,,India Post,Delivered
478,478,2023-12-06,2023-12-15,Delhivery,Returned
479,479,2022-06-02,,FedEx,In Transit
480,480,2022-11-14,,BlueDart,Pending
481,481,2023-09-14,,FedEx,In Transit
482,482,2022-02-28,,Ekart,Delivered
483,483,2023-07-25,,Ekart,Delivered
484,484,2023-12-22,,Ekart,Delivered
485,485,2022-09-01,,Ekart,Delivered
486,486,2023-02-11,,Delhivery,Delivered
487,487,2022-09-02,2022-09-09,Ekart,Returned
488,488,2022-06-19,,India Post,Delivered
489,489,2023-10-23,,FedEx,Delivered
490,490,2022-03-26,,Delhivery,Pending
491,491,2023-04-29,2023-05-06,Amazon Logistics,Returned
492,492,2022-12-08,2022-12-13,DTDC,Returned
493,493,2022-04-17,,Delhivery,In Transit
494,494,2023-06-08,,India Post,Delivered
495,495,2023-07-19,,Amazon Logistics,Delivered
496,496,2022-02-01,,India Post,Delivered
497,497,2022-07-13,,Amazon Logistics,Cancelled
498,498,2022-05-25,,Delhivery,Delivered
499,499,2022-11-12,,BlueDart,Delivered
500,500,2022-06-12,,Ekart,In Transit
501,501,2023-10-30,,BlueDart,Cancelled
502,502,2023-12-08,,Ekart,Delivered
503,503,2022-05-20,,Amazon Logistics,In Transit
504,504,2022-12-07,,Ekart,Delivered
505,505,2023-03-05,,Delhivery,Delivered
506,506,2023-01-25,,FedEx,Delivered
507,507,2022-01-25,,FedEx,Delivered
508,508,2023-10-06,,India Post,Pending
509,509,2022-07-24,2022-08-02,India Post,Returned
510,510,2022-02-24,,DTDC,Delivered
511,511,2022-09-29,,Ekart,Pending
512,512,2022-06-27,,Ekart,Delivered
513,513,2023-06-27,2023-07-02,DTDC,Returned
514,514,2023-04-15,,FedEx,Delivered
515,515,2022-08-21,,India Post,Delivered
516,516,2022-10-05,,DTDC,Delivered
517,517,2022-05-16,,FedEx,Delivered
518,518,2022-10-19,,DTDC,Delivered
519,519,2022-07-08,,FedEx,Delivered
520,520,2022-10-01,,FedEx,Delivered
521,521,2022-09-16,,Amazon Logistics,In Transit
522,522,2023-04-16,,Delhivery,Delivered
523,523,2022-12-01,,Delhivery,Delivered
524,524,2022-08-07,,Amazon Logistics,In Transit
525,525,2023-09-05,,FedEx,Delivered
526,526,2022-03-04,,BlueDart,Pending
527,527,2023-05-02,,DTDC,Pending
528,528,2023-11-22,,India Post,In Transit
529,529,2022-02-21,,BlueDart,Delivered
530,530,2023-01-28,,Ekart,In Transit
531,531,2022-05-20,,BlueDart,Delivered
532,532,2022-07-08,,BlueDart,Delivered
533,533,2022-12-19,,Ekart,Delivered
534,534,2022-11-26,,FedEx,Delivered
535,535,2022-09-26,,Delhivery,Delivered
536,536,2022-05-14,,Delhivery,In Transit
537,537,2023-03-18,,Delhivery,Delivered
538,538,2022-09-29,,Delhivery,Delivered
539,539,2022-06-23,,Ekart,Pending
540,540,2022-06-09,,Delhivery,Delivered
541,541,2023-03-28,,DTDC,Delivered
542,542,2022-08-28,,FedEx,Delivered
543,543,2022-06-19,,FedEx,Delivered
544,544,2023-05-26,,DTDC,Delivered
545,545,2023-12-30,,Delhivery,Delivered
546,546,2022-04-29,2022-05-06,Delhivery,Returned
547,547,2022-05-11,,India Post,Delivered
548,548,2022-10-20,,BlueDart,In Transit
549,549,2022-10-09,,FedEx,Delivered
550,550,2023-08-24,,Amazon Logistics,Delivered
551,551,2023-08-13,2023-08-22,DTDC,Returned
552,552,2022-09-14,,FedEx,In Transit
553,553,2022-12-04,,BlueDart,In Transit
554,554,2023-11-30,,FedEx,Delivered
555,555,2022-04-21,,Ekart,Delivered
556,556,2022-03-30,,Amazon Logistics,In Transit
557,557,2023-04-15,,Delhivery,Delivered
558,558,2022-01-09,,India Post,In Transit
559,559,2023-04-12,,BlueDart,Pending
560,560,2023-08-10,2023-08-15,FedEx,Returned
561,561,2023-10-24,,Amazon Logistics,Cancelled
562,562,2022-03-16,,Delhivery,Delivered
563,563,2023-02-18,,Delhivery,Delivered
564,564,2023-02-14,2023-02-23,India Post,Returned
565,565,2022-06-20,,FedEx,Delivered
566,566,2023-10-29,,DTDC,Delivered
567,567,2022-11-03,,Amazon Logistics,In Transit
568,568,2022-11-16,,FedEx,Delivered
569,569,2023-01-06,,India Post,Cancelled
570,570,2023-06-13,,DTDC,Delivered
571,571,2023-02-03,,DTDC,Delivered
572,572,2023-03-13,,Ekart,Delivered
573,573,2023-01-17,,India Post,Delivered
574,574,2023-03-17,,Amazon Logistics,Delivered
575,575,2023-04-25,,BlueDart,Delivered
576,576,2022-06-12,,DTDC,Delivered
577,577,2023-10-27,,BlueDart,Delivered
578,578,2023-03-26,,India Post,Delivered
579,579,2022-05-14,,Delhivery,Cancelled
580,580,2023-06-23,,India Post,Delivered
581,581,2023-07-22,,Delhivery,Delivered
582,582,2023-06-10,,Delhivery,Delivered
583,583,2023-11-13,,India Post,Cancelled
584,584,2022-12-31,,BlueDart,Delivered
585,585,2023-06-03,,Ekart,In Transit
586,586,2023-04-22,,BlueDart,Cancelled
587,587,2022-02-21,2022-02-25,Ekart,Returned
588,588,2022-11-03,,BlueDart,In Transit
589,589,2023-11-23,,DTDC,Cancelled
590,590,2022-12-21,,BlueDart,Delivered
591,591,2022-03-24,,Ekart,Delivered
592,592,2023-11-26,,India Post,Delivered
593,593,2022-01-09,,Ekart,Delivered
594,594,2023-11-06,,Ekart,In Transit
595,595,2023-11-07,,FedEx,Delivered
596,596,2023-05-17,,Delhivery,Cancelled
597,597,2023-09-26,,FedEx,In Transit
598,598,2023-12-09,,Ekart,Cancelled
599,599,2022-04-05,,Ekart,Delivered
600,600,2022-04-29,,BlueDart,In Transit
601,601,2022-07-17,,FedEx,Delivered
602,602,2023-10-30,,DTDC,Delivered
603,603,2023-10-05,,Ekart,Delivered
604,604,2022-11-10,,Amazon Logistics,Delivered
605,605,2023-03-12,,Delhivery,Delivered
606,606,2022-06-11,,India Post,Delivered
607,607,2023-05-15,2023-05-21,Amazon Logistics,Returned
608,608,2023-08-24,,BlueDart,Delivered
609,609,2023-02-07,,BlueDart,Delivered
610,610,2023-10-11,,Delhivery,Delivered
611,611,2023-03-06,,Amazon Logistics,In Transit
612,612,2023-09-08,,Ekart,Pending
613,613,2022-02-10,,FedEx,Delivered
614,614,2023-08-31,,DTDC,Pending
615,615,2023-05-18,,Amazon Logistics,Delivered
616,616,2022-01-25,,Delhivery,Delivered
617,617,2022-03-08,,BlueDart,Delivered
618,618,2023-05-01,,Amazon Logistics,Delivered
619,619,2023-10-29,,Amazon Logistics,In Transit
620,620,2022-01-23,,FedEx,In Transit
621,621,2023-05-01,,India Post,Delivered
622,622,2022-08-18,,Ekart,Delivered
623,623,2023-09-14,,FedEx,In Transit
624,624,2022-05-16,,Delhivery,In Transit
625,625,2023-02-06,,Amazon Logistics,Cancelled
626,626,2023-11-26,,Delhivery,Delivered
627,627,2023-05-02,,Ekart,Delivered
628,628,2022-10-20,,Delhivery,Delivered
629,629,2023-05-15,,DTDC,Delivered
630,630,2023-09-18,,India Post,Cancelled
631,631,2023-05-22,,BlueDart,Delivered
632,632,2022-02-19,2022-02-26,India Post,Returned
633,633,2023-01-05,,BlueDart,Delivered
634,634,2023-06-02,,DTDC,Delivered
635,635,2022-05-01,,DTDC,Delivered
636,636,2022-08-22,,BlueDart,Pending
637,637,2022-12-31,,Amazon Logistics,Cancelled
638,638,2023-07-29,2023-08-04,Amazon Logistics,Returned
639,639,2023-06-14,,Ekart,Delivered
640,640,2022-02-23,,DTDC,Cancelled
641,641,2022-04-27,,DTDC,Cancelled
642,642,2023-09-20,,Ekart,Cancelled
643,643,2022-02-14,,BlueDart,Delivered
644,644,2022-05-03,2022-05-06,Amazon Logistics,Returned
645,645,2022-06-12,,DTDC,In Transit
646,646,2023-06-06,2023-06-14,FedEx,Returned
647,647,2022-06-09,,Delhivery,Delivered
648,648,2022-05-24,,FedEx,Delivered
649,649,2023-03-05,,BlueDart,Delivered
650,650,2023-05-05,,Amazon Logistics,Delivered
651,651,2022-03-30,,Amazon Logistics,In Transit
652,652,2023-03-05,,Delhivery,In Transit
653,653,2022-06-08,,Delhivery,Delivered
654,654,2022-08-25,,Ekart,Delivered
655,655,2023-02-28,,BlueDart,Pending
656,656,2023-06-18,,DTDC,Delivered
657,657,2022-02-03,,Ekart,Cancelled
658,658,2023-06-15,,India Post,Delivered
659,659,2022-11-20,,Ekart,Delivered
660,660,2022-03-05,,Amazon Logistics,Delivered
661,661,2023-10-21,,FedEx,Delivered
662,662,2023-10-14,2023-10-17,BlueDart,Returned
663,663,2022-11-03,2022-11-10,BlueDart,Returned
664,664,2023-12-23,,Delhivery,In Transit
665,665,2022-11-21,,Delhivery,Delivered
666,666,2022-10-15,,DTDC,Delivered
667,667,2022-06-01,,India Post,Delivered
668,668,2022-08-01,,BlueDart,Delivered
669,669,2023-09-28,,Delhivery,In Transit
670,670,2023-10-30,,India Post,Delivered
671,671,2022-11-06,,Ekart,Delivered
672,672,2023-02-07,,Ekart,In Transit
673,673,2022-05-11,,Ekart,Delivered
674,674,2022-04-11,,BlueDart,Delivered
675,675,2022-12-20,,DTDC,Delivered
676,676,2022-02-02,,DTDC,Delivered
677,677,2022-09-06,,FedEx,Delivered
678,678,2023-03-12,,DTDC,In Transit
679,679,2023-01-18,,Delhivery,Delivered
680,680,2022-05-09,,India Post,In Transit
681,681,2022-05-10,,Ekart,Delivered
682,682,2022-01-10,,DTDC,Pending
683,683,2023-08-20,2023-08-24,FedEx,Returned
684,684,2023-10-08,,FedEx,Cancelled
685,685,2022-08-29,,DTDC,Delivered
686,686,2023-08-14,,India Post,In Transit
687,687,2023-06-20,,FedEx,Delivered
688,688,2023-06-14,,Ekart,Cancelled
689,689,2023-01-10,,BlueDart,Delivered
690,690,2023-03-15,,India Post,Delivered
691,691,2022-03-09,,FedEx,Delivered
692,692,2023-04-04,,FedEx,In Transit
693,693,2023-02-18,,India Post,Delivered
694,694,2023-02-12,,Delhivery,Delivered
695,695,2023-10-17,,FedEx,In Transit
696,696,2023-05-19,,Delhivery,Cancelled
697,697,2022-05-29,,Amazon Logistics,Delivered
698,698,2023-04-19,,Amazon Logistics,Delivered
699,699,2023-06-27,,India Post,Delivered
700,700,2023-05-01,,India Post,Delivered
701,701,2023-07-30,,Delhivery,Delivered
702,702,2023-02-28,,FedEx,Delivered
703,703,2022-10-29,,DTDC,Delivered
704,704,2023-01-21,,BlueDart,Delivered
705,705,2023-05-16,,BlueDart,Delivered
706,706,2023-08-30,,BlueDart,Pending
707,707,2022-11-10,,Delhivery,Delivered
708,708,2023-05-21,,DTDC,Delivered
709,709,2022-03-15,,FedEx,Delivered
710,710,2023-08-15,,Delhivery,Delivered
711,711,2022-12-17,,BlueDart,Delivered
712,712,2023-09-16,,Amazon Logistics,Delivered
713,713,2023-10-16,,Ekart,Delivered
714,714,2023-04-08,,Delhivery,Delivered
715,715,2023-10-03,,BlueDart,Delivered
716,716,2022-08-29,,Amazon Logistics,Delivered
717,717,2022-02-17,2022-02-20,Ekart,Returned
718,718,2022-10-15,2022-10-17,Delhivery,Returned
719,719,2023-12-27,,FedEx,Delivered
720,720,2023-12-31,,India Post,Delivered
721,721,2023-10-25,,India Post,Delivered
722,722,2023-09-29,,Ekart,In Transit
723,723,2023-08-12,,FedEx,In Transit
724,724,2023-06-04,,FedEx,Delivered
725,725,2023-07-03,,Ekart,Delivered
726,726,2022-08-02,,FedEx,Cancelled
727,727,2023-08-20,,FedEx,Cancelled
728,728,2023-09-15,,India Post,Delivered
729,729,2023-05-24,,Delhivery,Delivered
730,730,2022-07-08,2022-07-12,Amazon Logistics,Returned
731,731,2022-11-26,,BlueDart,Delivered
732,732,2022-04-14,,India Post,Delivered
733,733,2022-07-11,,Ekart,Delivered
734,734,2022-11-14,,FedEx,In Transit
735,735,2022-03-03,,Ekart,Delivered
736,736,2022-03-04,,DTDC,Delivered
737,737,2022-05-31,,BlueDart,Delivered
738,738,2022-05-07,,Delhivery,Delivered
739,739,2023-09-06,,India Post,Delivered
740,740,2023-06-02,,FedEx,Delivered
741,741,2022-11-23,,BlueDart,Delivered
742,742,2023-05-12,,Delhivery,Delivered
743,743,2022-01-21,,FedEx,Pending
744,744,2023-11-26,,Delhivery,In Transit
745,745,2023-11-01,,BlueDart,Delivered
746,746,2023-02-24,,Ekart,Cancelled
747,747,2023-06-02,,Amazon Logistics,Delivered
748,748,2022-06-24,,Delhivery,Delivered
749,749,2023-03-13,,Delhivery,Delivered
750,750,2022-01-07,,DTDC,Pending
751,751,2023-09-29,,India Post,Pending
752,752,2022-01-03,,Delhivery,Delivered
753,753,2022-09-17,,Ekart,Delivered
754,754,2022-12-28,,Ekart,Delivered
755,755,2023-06-11,,Amazon Logistics,Delivered
756,756,2023-07-02,,India Post,Delivered
757,757,2023-02-11,,Amazon Logistics,Cancelled
758,758,2023-07-26,,BlueDart,Delivered
759,759,2023-06-03,2023-06-10,Delhivery,Returned
760,760,2022-12-20,,Delhivery,Pending
761,761,2023-12-28,,FedEx,Delivered
762,762,2022-11-30,,Ekart,Delivered
763,763,2023-09-07,2023-09-16,Ekart,Returned
764,764,2022-05-21,,BlueDart,Delivered
765,765,2022-01-08,,Amazon Logistics,In Transit
766,766,2023-03-02,,FedEx,In Transit
767,767,2023-02-09,,India Post,Cancelled
768,768,2023-11-01,,Amazon Logistics,Delivered
769,769,2023-11-24,,Ekart,Delivered
770,770,2023-01-25,,India Post,Delivered
771,771,2022-07-05,,Ekart,Cancelled
772,772,2022-01-12,,BlueDart,Delivered
773,773,2022-07-22,,India Post,Delivered
774,774,2022-01-25,,Ekart,In Transit
775,775,2023-12-30,,BlueDart,Delivered
776,776,2023-09-22,,Ekart,Cancelled
777,777,2022-08-18,,Delhivery,Pending
778,778,2022-02-10,2022-02-12,BlueDart,Returned
779,779,2023-12-27,,Amazon Logistics,Delivered
780,780,2023-10-18,2023-10-20,Amazon Logistics,Returned
781,781,2023-08-09,,Amazon Logistics,Delivered
782,782,2022-07-19,,BlueDart,Delivered
783,783,2023-12-05,,India Post,Delivered
784,784,2023-08-30,,Delhivery,Delivered
785,785,2022-09-26,2022-10-05,Amazon Logistics,Returned
786,786,2023-06-22,,DTDC,Delivered
787,787,2023-11-29,,Delhivery,In Transit
788,788,2023-09-26,,DTDC,Delivered
789,789,2023-04-13,,BlueDart,Delivered
790,790,2023-11-01,,India Post,Delivered
791,791,2023-02-26,,FedEx,In Transit
792,792,2023-04-25,,FedEx,Delivered
793,793,2022-02-16,,Ekart,Delivered
794,794,2022-10-16,,Amazon Logistics,Delivered
795,795,2022-11-22,,FedEx,Delivered
796,796,2022-03-30,,DTDC,Cancelled
797,797,2022-08-22,,Delhivery,Pending
798,798,2022-09-18,,India Post,Delivered
799,799,2022-03-07,,Amazon Logistics,Delivered
800,800,2023-05-12,,Delhivery,Delivered
801,801,2023-10-09,,FedEx,Cancelled
802,802,2022-09-13,,Ekart,Delivered
803,803,2022-12-17,,India Post,Cancelled
804,804,2023-06-19,,Amazon Logistics,Pending
805,805,2023-09-11,,FedEx,In Transit
806,806,2023-10-07,,FedEx,Delivered
807,807,2022-03-05,,Ekart,Delivered
808,808,2023-12-13,,DTDC,Delivered
809,809,2023-03-31,,India Post,Delivered
810,810,2023-03-21,,DTDC,In Transit
811,811,2023-07-31,,Amazon Logistics,Cancelled
812,812,2023-02-18,,BlueDart,In Transit
813,813,2022-09-01,,FedEx,Cancelled
814,814,2023-10-06,,DTDC,Delivered
815,815,2023-03-20,,Delhivery,Delivered
816,816,2022-12-15,,Amazon Logistics,Cancelled
817,817,2023-04-11,,India Post,Delivered
818,818,2022-04-25,,India Post,Delivered
819,819,2022-03-16,2022-03-20,India Post,Returned
820,820,2022-05-11,,India Post,Delivered
821,821,2023-03-10,,DTDC,Delivered
822,822,2022-07-12,,DTDC,Cancelled
823,823,2022-03-07,,India Post,Delivered
824,824,2023-06-11,,DTDC,In Transit
825,825,2022-11-16,,Amazon Logistics,Cancelled
826,826,2022-06-04,,Amazon Logistics,Delivered
827,827,2022-10-27,,Ekart,Delivered
828,828,2023-11-09,,DTDC,Delivered
829,829,2023-06-05,2023-06-15,FedEx,Returned
830,830,2023-03-12,,FedEx,Pending
831,831,2023-10-21,,India Post,Cancelled
832,832,2022-12-21,,FedEx,Delivered
833,833,2023-12-15,,Amazon Logistics,In Transit
834,834,2023-08-20,,Delhivery,Delivered
835,835,2023-03-08,,Ekart,Delivered
836,836,2022-02-17,2022-02-27,Ekart,Returned
837,837,2023-10-21,,Delhivery,Delivered
838,838,2023-10-02,,Delhivery,Delivered
839,839,2022-12-11,,BlueDart,Delivered
840,840,2023-02-17,,FedEx,Delivered
841,841,2022-03-20,,BlueDart,Delivered
842,842,2022-05-31,,Amazon Logistics,Delivered
843,843,2023-08-26,,FedEx,Delivered
844,844,2022-02-03,,India Post,Delivered
845,845,2022-08-16,,DTDC,In Transit
846,846,2022-12-16,,Delhivery,Delivered
847,847,2022-07-23,,FedEx,Cancelled
848,848,2022-04-17,,DTDC,Delivered
849,849,2023-11-03,,Delhivery,Delivered
850,850,2022-08-06,,India Post,Delivered
851,851,2023-01-18,,India Post,Pending
852,852,2023-10-04,2023-10-07,DTDC,Returned
853,853,2022-03-11,2022-03-14,FedEx,Returned
854,854,2022-05-18,,Delhivery,Delivered
855,855,2023-01-26,,BlueDart,Delivered
856,856,2023-03-17,2023-03-19,FedEx,Returned
857,857,2023-09-27,2023-10-06,DTDC,Returned
858,858,2022-11-01,,BlueDart,Delivered
859,859,2022-02-26,2022-03-06,Delhivery,Returned
860,860,2023-06-09,2023-06-16,India Post,Returned
861,861,2022-08-08,,BlueDart,Cancelled
862,862,2023-11-14,,India Post,Delivered
863,863,2023-02-03,,DTDC,In Transit
864,864,2023-01-20,,Ekart,Delivered
865,865,2022-11-28,,Ekart,Delivered
866,866,2023-05-12,,Delhivery,Delivered
867,867,2023-08-21,2023-08-27,Delhivery,Returned
868,868,2023-08-25,,Amazon Logistics,Delivered
869,869,2022-07-31,,Amazon Logistics,Delivered
870,870,2022-11-15,,Amazon Logistics,Delivered
871,871,2023-01-23,,Amazon Logistics,Delivered
872,872,2022-03-29,,India Post,Delivered
873,873,2022-08-26,,Amazon Logistics,Delivered
874,874,2023-10-01,,Delhivery,Delivered
875,875,2023-03-24,,BlueDart,Cancelled
876,876,2022-11-23,,FedEx,Delivered
877,877,2023-03-30,,Ekart,Delivered
878,878,2023-01-04,,Amazon Logistics,Delivered
879,879,2023-06-03,,Amazon Logistics,Delivered
880,880,2022-10-16,,India Post,Delivered
881,881,2022-03-20,,Amazon Logistics,Delivered
882,882,2022-12-10,,DTDC,Delivered
883,883,2022-11-09,,India Post,In Transit
884,884,2022-10-13,,India Post,Delivered
885,885,2022-05-25,,Delhivery,In Transit
886,886,2023-07-12,,BlueDart,Delivered
887,887,2022-11-05,,Ekart,Cancelled
888,888,2023-02-21,,FedEx,Cancelled
889,889,2023-11-07,,Delhivery,In Transit
890,890,2022-06-06,,Amazon Logistics,Delivered
891,891,2022-08-05,,BlueDart,Delivered
892,892,2023-07-21,,DTDC,In Transit
893,893,2023-04-23,,Amazon Logistics,Delivered
894,894,2022-07-14,,Delhivery,Pending
895,895,2023-03-05,,BlueDart,Delivered
896,896,2023-07-31,,FedEx,Delivered
897,897,2022-05-16,,Delhivery,Delivered
898,898,2023-11-08,,BlueDart,Delivered
899,899,2023-03-10,,India Post,In Transit
900,900,2023-12-12,,Amazon Logistics,Delivered
901,901,2022-01-29,2022-02-04,India Post,Returned
902,902,2022-06-08,,BlueDart,Delivered
903,903,2023-09-12,,Amazon Logistics,Delivered
904,904,2023-02-10,,BlueDart,Pending
905,905,2022-03-12,,Amazon Logistics,Delivered
906,906,2022-04-23,,Delhivery,Pending
907,907,2023-10-21,,DTDC,Delivered
908,908,2022-04-22,,DTDC,Delivered
909,909,2023-12-08,,India Post,Delivered
910,910,2022-07-24,,BlueDart,Delivered
911,911,2022-08-29,,BlueDart,Delivered
912,912,2023-04-16,,Delhivery,Delivered
913,913,2022-06-28,,BlueDart,Delivered
914,914,2022-04-27,,BlueDart,Delivered
915,915,2022-03-17,,BlueDart,Delivered
916,916,2022-08-03,,BlueDart,Cancelled
917,917,2023-11-14,,FedEx,Delivered
918,918,2022-11-17,,Ekart,Delivered
919,919,2023-12-04,,Ekart,Delivered
920,920,2022-06-01,,Ekart,Cancelled
921,921,2023-09-17,,Ekart,Delivered
922,922,2023-08-08,,Delhivery,Delivered
923,923,2023-08-14,,DTDC,Delivered
924,924,2023-10-29,,FedEx,Delivered
925,925,2024-01-04,,Ekart,Delivered
926,926,2022-06-30,,Delhivery,Delivered
927,927,2023-09-27,,BlueDart,Delivered
928,928,2023-11-09,,Delhivery,Delivered
929,929,2023-02-10,,India Post,Delivered
930,930,2022-06-15,,DTDC,Delivered
931,931,2023-11-16,,India Post,In Transit
932,932,2022-08-13,,DTDC,Delivered
933,933,2023-07-24,,Delhivery,Delivered
934,934,2022-04-19,,BlueDart,Cancelled
935,935,2023-02-28,,DTDC,Delivered
936,936,2023-06-04,,Amazon Logistics,Delivered
937,937,2023-10-18,,Amazon Logistics,In Transit
938,938,2023-01-27,,DTDC,Delivered
939,939,2022-07-23,,BlueDart,Delivered
940,940,2022-04-29,,BlueDart,Delivered
941,941,2023-04-24,,BlueDart,Delivered
942,942,2023-07-18,,BlueDart,In Transit
943,943,2023-03-27,,DTDC,Cancelled
944,944,2022-06-18,,DTDC,Delivered
945,945,2022-07-05,,FedEx,Delivered
946,946,2023-02-08,,Delhivery,In Transit
947,947,2022-01-13,,India Post,Delivered
948,948,2023-01-06,,Amazon Logistics,In Transit
949,949,2023-11-25,,India Post,Delivered
950,950,2022-02-20,,India Post,Cancelled
951,951,2023-10-21,,FedEx,In Transit
952,952,2022-04-19,,Ekart,Delivered
953,953,2022-02-27,,Delhivery,Delivered
954,954,2023-01-23,2023-02-01,Ekart,Returned
955,955,2023-01-20,,India Post,Delivered
956,956,2022-01-22,,Amazon Logistics,Pending
957,957,2022-12-17,,Amazon Logistics,In Transit
958,958,2022-03-11,,FedEx,Cancelled
959,959,2023-11-17,,Ekart,Delivered
960,960,2023-03-07,,Amazon Logistics,Cancelled
961,961,2022-12-01,,Ekart,Delivered
962,962,2022-08-05,,Ekart,Delivered
963,963,2023-03-19,,DTDC,Delivered
964,964,2023-01-02,,Delhivery,Delivered
965,965,2023-11-06,,Ekart,Delivered
966,966,2023-04-19,,India Post,In Transit
967,967,2022-10-14,,Delhivery,Delivered
968,968,2022-03-12,,FedEx,Delivered
969,969,2023-09-11,,BlueDart,In Transit
970,970,2023-08-11,,FedEx,Pending
971,971,2023-09-09,,FedEx,In Transit
972,972,2023-11-30,,India Post,In Transit
973,973,2022-12-09,,BlueDart,In Transit
974,974,2023-12-09,,FedEx,Delivered
975,975,2022-12-14,2022-12-19,BlueDart,Returned
976,976,2023-04-08,,DTDC,Delivered
977,977,2022-08-28,,FedEx,In Transit
978,978,2022-01-17,,DTDC,Delivered
979,979,2022-05-11,,India Post,In Transit
980,980,2022-09-12,,Ekart,Delivered
981,981,2023-01-24,,Amazon Logistics,Delivered
982,982,2023-01-21,,India Post,Delivered
983,983,2023-09-09,,Amazon Logistics,In Transit
984,984,2022-12-05,,DTDC,Delivered
985,985,2022-02-11,,FedEx,Delivered
986,986,2022-10-28,,India Post,Delivered
987,987,2022-12-07,,Ekart,Delivered
988,988,2022-03-02,,India Post,Pending
989,989,2023-12-09,,Amazon Logistics,Delivered
990,990,2023-01-29,,India Post,Delivered
991,991,2023-10-08,2023-10-13,India Post,Returned
992,992,2022-03-14,,DTDC,Delivered
993,993,2022-05-29,,Amazon Logistics,Delivered
994,994,2022-06-30,,FedEx,Cancelled
995,995,2022-08-01,,FedEx,Delivered
996,996,2023-04-26,,FedEx,In Transit
997,997,2022-09-09,,Amazon Logistics,Delivered
998,998,2022-11-12,,India Post,Delivered
999,999,2023-10-16,2023-10-21,India Post,Returned
1000,1000,2023-05-12,,India Post,Delivered
1001,1001,2022-06-23,,BlueDart,Delivered
1002,1002,2023-09-20,,DTDC,In Transit
1003,1003,2023-05-12,,FedEx,Delivered
1004,1004,2022-03-29,,Amazon Logistics,Delivered
1005,1005,2022-06-08,,FedEx,Delivered
1006,1006,2023-01-27,,Ekart,Delivered
1007,1007,2023-01-21,,India Post,Delivered
1008,1008,2022-12-13,,DTDC,Delivered
1009,1009,2022-06-11,,BlueDart,Delivered
1010,1010,2023-06-01,,Delhivery,Delivered
1011,1011,2023-02-24,,DTDC,Pending
1012,1012,2023-01-22,,Ekart,Delivered
1013,1013,2023-08-27,2023-08-31,BlueDart,Returned
1014,1014,2022-05-12,,India Post,Delivered
1015,1015,2023-03-24,,Amazon Logistics,Cancelled
1016,1016,2022-12-26,,Delhivery,Delivered
1017,1017,2023-12-11,,FedEx,Delivered
1018,1018,2023-02-02,,Delhivery,In Transit
1019,1019,2022-09-07,2022-09-14,DTDC,Returned
1020,1020,2023-01-09,,India Post,In Transit
1021,1021,2023-12-19,,Amazon Logistics,Delivered
1022,1022,2023-09-14,,India Post,Delivered
1023,1023,2022-09-14,,DTDC,Pending
1024,1024,2022-06-18,,Amazon Logistics,Cancelled
1025,1025,2023-10-23,,Ekart,Delivered
1026,1026,2023-08-29,,India Post,Delivered
1027,1027,2022-07-18,,India Post,Delivered
1028,1028,2023-03-18,,Ekart,Delivered
1029,1029,2023-07-04,,India Post,Delivered
1030,1030,2023-03-03,2023-03-13,FedEx,Returned
1031,1031,2022-04-27,,Delhivery,Cancelled
1032,1032,2022-12-21,,Amazon Logistics,Delivered
1033,1033,2022-08-04,,Amazon Logistics,Delivered
1034,1034,2022-11-13,,India Post,Cancelled
1035,1035,2022-01-03,,Ekart,Cancelled
1036,1036,2023-03-06,,India Post,In Transit
1037,1037,2023-03-19,,DTDC,Delivered
1038,1038,2023-12-23,,Amazon Logistics,Delivered
1039,1039,2023-06-04,,DTDC,Delivered
1040,1040,2022-08-10,,Amazon Logistics,Delivered
1041,1041,2022-07-08,,BlueDart,Delivered
1042,1042,2023-02-25,2023-03-03,Ekart,Returned
1043,1043,2022-04-23,,India Post,Delivered
1044,1044,2022-11-01,,DTDC,Delivered
1045,1045,2022-03-11,,FedEx,Delivered
1046,1046,2023-05-06,,DTDC,In Transit
1047,1047,2022-01-11,,BlueDart,In Transit
1048,1048,2022-01-11,,FedEx,Cancelled
1049,1049,2022-02-16,,Ekart,Delivered
1050,1050,2022-01-12,,BlueDart,Delivered
1051,1051,2022-10-05,,Ekart,Delivered
1052,1052,2022-12-15,,DTDC,Delivered
1053,1053,2023-12-02,,Ekart,Pending
1054,1054,2022-09-05,,Amazon Logistics,In Transit
1055,1055,2023-01-26,,DTDC,Pending
1056,1056,2022-12-09,,BlueDart,Delivered
1057,1057,2023-12-20,,FedEx,Cancelled
1058,1058,2022-05-28,,Ekart,Delivered
1059,1059,2023-07-02,,BlueDart,In Transit
1060,1060,2022-09-13,,Amazon Logistics,Delivered
1061,1061,2023-11-07,,BlueDart,Delivered
1062,1062,2023-11-13,,Ekart,Pending
1063,1063,2022-11-30,,Amazon Logistics,Delivered
1064,1064,2022-02-17,,Delhivery,Delivered
1065,1065,2023-04-02,,Delhivery,Delivered
1066,1066,2023-09-23,,Ekart,Delivered
1067,1067,2023-05-04,2023-05-10,India Post,Returned
1068,1068,2023-02-02,,Delhivery,Delivered
1069,1069,2022-05-28,2022-06-06,Delhivery,Returned
1070,1070,2023-06-03,,DTDC,Delivered
1071,1071,2022-04-04,,India Post,Pending
1072,1072,2023-04-28,,Amazon Logistics,Pending
1073,1073,2023-05-14,,FedEx,Delivered
1074,1074,2022-08-10,,Amazon Logistics,Pending
1075,1075,2023-12-22,,India Post,Delivered
1076,1076,2022-02-02,2022-02-04,Amazon Logistics,Returned
1077,1077,2022-10-17,,India Post,Delivered
1078,1078,2023-05-04,,DTDC,Delivered
1079,1079,2022-05-22,,FedEx,Delivered
1080,1080,2023-05-20,,Amazon Logistics,Delivered
1081,1081,2022-08-22,,Ekart,In Transit
1082,1082,2023-09-13,,FedEx,Delivered
1083,1083,2023-01-31,,FedEx,Cancelled
1084,1084,2023-03-29,,Delhivery,Delivered
1085,1085,2022-05-02,,Ekart,Delivered
1086,1086,2022-12-20,,Delhivery,Pending
1087,1087,2022-05-02,,Ekart,Delivered
1088,1088,2022-11-18,,DTDC,Delivered
1089,1089,2022-01-07,,BlueDart,Delivered
1090,1090,2022-07-15,,India Post,Pending
1091,1091,2022-11-26,,BlueDart,Cancelled
1092,1092,2022-05-11,,FedEx,Delivered
1093,1093,2022-08-20,,Amazon Logistics,Delivered
1094,1094,2023-04-20,,Delhivery,Cancelled
1095,1095,2022-11-02,,Delhivery,Delivered
1096,1096,2023-04-13,,Amazon Logistics,Delivered
1097,1097,2023-11-16,,DTDC,Delivered
1098,1098,2022-11-28,,Amazon Logistics,Pending
1099,1099,2022-05-10,,BlueDart,Delivered
1100,1100,2023-10-14,,Amazon Logistics,Delivered
1101,1101,2023-12-24,,Delhivery,Delivered
1102,1102,2022-12-12,,DTDC,Delivered
1103,1103,2022-08-24,,BlueDart,Delivered
1104,1104,2022-07-07,,BlueDart,In Transit
1105,1105,2022-11-04,2022-11-09,DTDC,Returned
1106,1106,2022-06-15,,Amazon Logistics,Delivered
1107,1107,2023-03-13,,DTDC,Pending
1108,1108,2023-02-07,,India Post,Delivered
1109,1109,2022-10-19,2022-10-26,Ekart,Returned
1110,1110,2023-12-23,,DTDC,Delivered
1111,1111,2022-05-16,,Amazon Logistics,Cancelled
1112,1112,2022-02-28,,Delhivery,Delivered
1113,1113,2023-11-06,,Delhivery,Delivered
1114,1114,2023-12-17,2023-12-20,India Post,Returned
1115,1115,2022-08-05,,Delhivery,Delivered
1116,1116,2023-10-30,,BlueDart,In Transit
1117,1117,2023-08-16,,DTDC,Cancelled
1118,1118,2022-06-02,,India Post,In Transit
1119,1119,2022-06-23,,BlueDart,Delivered
1120,1120,2023-05-06,,Amazon Logistics,Delivered
1121,1121,2023-06-13,,India Post,Delivered
1122,1122,2022-06-04,,BlueDart,Delivered
1123,1123,2022-02-08,,BlueDart,Delivered
1124,1124,2022-11-10,,BlueDart,Pending
1125,1125,2023-11-02,,India Post,Cancelled
1126,1126,2023-11-22,,India Post,Cancelled
1127,1127,2023-11-02,,Delhivery,Delivered
1128,1128,2023-04-02,,Amazon Logistics,Delivered
1129,1129,2022-03-27,,DTDC,Delivered
1130,1130,2023-06-08,,Delhivery,Delivered
1131,1131,2023-08-11,,India Post,In Transit
1132,1132,2022-04-10,,DTDC,Delivered
1133,1133,2023-05-13,,India Post,Delivered
1134,1134,2023-08-13,,Amazon Logistics,Delivered
1135,1135,2023-07-09,,India Post,Cancelled
1136,1136,2022-01-23,,India Post,Cancelled
1137,1137,2023-06-30,,Amazon Logistics,Delivered
1138,1138,2023-08-24,,FedEx,Cancelled
1139,1139,2023-11-02,,India Post,In Transit
1140,1140,2023-11-08,,DTDC,Delivered
1141,1141,2023-09-10,,BlueDart,Delivered
1142,1142,2023-04-04,,Amazon Logistics,Delivered
1143,1143,2022-05-16,,BlueDart,In Transit
1144,1144,2022-04-03,2022-04-09,DTDC,Returned
1145,1145,2022-02-07,,Ekart,Delivered
1146,1146,2023-01-09,,FedEx,Delivered
1147,1147,2023-11-08,,Amazon Logistics,Delivered
1148,1148,2023-06-19,,DTDC,In Transit
1149,1149,2023-04-03,,Ekart,Delivered
1150,1150,2022-11-20,,FedEx,Delivered
1151,1151,2023-06-09,,Ekart,Delivered
1152,1152,2022-02-20,,Delhivery,Delivered
1153,1153,2022-11-08,,DTDC,Pending
1154,1154,2023-09-10,,FedEx,Delivered
1155,1155,2022-10-13,,DTDC,Delivered
1156,1156,2022-03-23,,FedEx,Delivered
1157,1157,2023-10-31,,BlueDart,Delivered
1158,1158,2022-03-29,,Amazon Logistics,In Transit
1159,1159,2023-12-15,,Delhivery,Delivered
1160,1160,2023-10-09,,DTDC,Pending
1161,1161,2023-12-20,,DTDC,In Transit
1162,1162,2023-08-06,,Delhivery,Cancelled
1163,1163,2023-09-15,,FedEx,Cancelled
1164,1164,2022-11-21,,India Post,Delivered
1165,1165,2023-09-13,,India Post,Delivered
1166,1166,2023-07-02,,India Post,Delivered
1167,1167,2022-03-11,,FedEx,Delivered
1168,1168,2022-12-13,,BlueDart,Delivered
1169,1169,2022-08-23,,BlueDart,Delivered
1170,1170,2022-08-20,,DTDC,Cancelled
1171,1171,2022-05-08,,Amazon Logistics,In Transit
1172,1172,2022-11-14,,India Post,Delivered
1173,1173,2022-12-29,2023-01-01,FedEx,Returned
1174,1174,2023-07-23,,Amazon Logistics,Delivered
1175,1175,2022-02-21,,DTDC,Pending
1176,1176,2023-02-06,,Amazon Logistics,Cancelled
1177,1177,2023-11-29,,Delhivery,Delivered
1178,1178,2023-02-20,,Delhivery,Delivered
1179,1179,2022-01-13,,India Post,In Transit
1180,1180,2023-11-09,,Ekart,Delivered
1181,1181,2022-10-05,,Ekart,Delivered
1182,1182,2023-01-18,,DTDC,Delivered
1183,1183,2023-09-19,,FedEx,Delivered
1184,1184,2023-03-30,,DTDC,Delivered
1185,1185,2022-10-15,,Delhivery,Delivered
1186,1186,2022-08-24,2022-08-30,Ekart,Returned
1187,1187,2022-11-12,,Amazon Logistics,Delivered
1188,1188,2022-04-04,,BlueDart,Delivered
1189,1189,2022-09-07,,BlueDart,Delivered
1190,1190,2022-03-04,,FedEx,Delivered
1191,1191,2023-05-25,,Amazon Logistics,Pending
1192,1192,2023-03-16,,Delhivery,Pending
1193,1193,2022-05-24,,DTDC,Delivered
1194,1194,2023-11-30,,Ekart,In Transit
1195,1195,2023-02-22,,India Post,Delivered
1196,1196,2022-01-12,,DTDC,In Transit
1197,1197,2022-12-23,,Amazon Logistics,In Transit
1198,1198,2023-06-27,,Ekart,Delivered
1199,1199,2023-04-09,,FedEx,In Transit
1200,1200,2023-06-23,,Amazon Logistics,Delivered
1201,1201,2023-01-16,,DTDC,Delivered
1202,1202,2022-02-25,,India Post,Delivered
1203,1203,2023-01-22,,BlueDart,Delivered
1204,1204,2023-12-02,2023-12-05,Delhivery,Returned
1205,1205,2022-05-02,,BlueDart,Delivered
1206,1206,2022-10-02,,BlueDart,In Transit
1207,1207,2023-08-10,2023-08-14,Amazon Logistics,Returned
1208,1208,2023-10-24,,DTDC,Pending
1209,1209,2023-09-28,,India Post,Delivered
1210,1210,2022-01-09,,FedEx,Delivered
1211,1211,2023-01-02,,BlueDart,Delivered
1212,1212,2022-07-11,,Amazon Logistics,Delivered
1213,1213,2023-03-22,,BlueDart,Delivered
1214,1214,2023-06-16,,Amazon Logistics,Delivered
1215,1215,2023-05-20,,Amazon Logistics,In Transit
1216,1216,2022-09-16,,Delhivery,Delivered
1217,1217,2022-11-06,2022-11-15,BlueDart,Returned
1218,1218,2023-07-08,,FedEx,Delivered
1219,1219,2023-03-28,,Ekart,Delivered
1220,1220,2022-12-31,,DTDC,Delivered
1221,1221,2023-12-29,,India Post,Delivered
1222,1222,2022-02-15,,DTDC,Delivered
1223,1223,2022-12-08,,BlueDart,Delivered
1224,1224,2022-07-27,,Amazon Logistics,Pending
1225,1225,2022-10-01,,Delhivery,Delivered
1226,1226,2023-05-25,,DTDC,In Transit
1227,1227,2022-11-30,,India Post,Cancelled
1228,1228,2023-02-16,2023-02-22,Delhivery,Returned
1229,1229,2023-02-08,,FedEx,Pending
1230,1230,2022-01-27,,DTDC,Delivered
1231,1231,2022-01-17,,Delhivery,Delivered
1232,1232,2023-11-30,,FedEx,Delivered
1233,1233,2023-09-09,,DTDC,Delivered
1234,1234,2022-10-26,,India Post,Delivered
1235,1235,2023-03-18,,Ekart,Delivered
1236,1236,2023-06-09,,Amazon Logistics,Delivered
1237,1237,2022-05-02,,FedEx,Pending
1238,1238,2022-09-14,,FedEx,Delivered
1239,1239,2023-12-29,,India Post,In Transit
1240,1240,2023-06-02,,DTDC,Delivered
1241,1241,2023-09-01,,FedEx,Delivered
1242,1242,2022-05-07,,India Post,Delivered
1243,1243,2022-07-21,,DTDC,Delivered
1244,1244,2023-09-28,2023-10-08,BlueDart,Returned
1245,1245,2023-01-27,,Ekart,Delivered
1246,1246,2023-10-13,,India Post,Delivered
1247,1247,2023-05-07,,Ekart,Delivered
1248,1248,2022-02-25,,India Post,Delivered
1249,1249,2022-10-17,,Ekart,In Transit
1250,1250,2022-09-11,,FedEx,Delivered
1251,1251,2022-01-03,,Delhivery,In Transit
1252,1252,2022-08-08,,India Post,Delivered
1253,1253,2023-09-17,,BlueDart,Delivered
1254,1254,2023-05-21,,Delhivery,Delivered
1255,1255,2022-04-15,,Delhivery,In Transit
1256,1256,2022-05-18,,Amazon Logistics,In Transit
1257,1257,2023-01-08,,Ekart,Delivered
1258,1258,2023-09-16,,BlueDart,In Transit
1259,1259,2022-08-08,,Ekart,Delivered
1260,1260,2022-04-22,,India Post,In Transit
1261,1261,2022-05-05,,Amazon Logistics,Pending
1262,1262,2023-11-05,,BlueDart,Delivered
1263,1263,2023-04-05,,India Post,Delivered
1264,1264,2023-07-18,,DTDC,Delivered
1265,1265,2023-05-04,,BlueDart,Delivered
1266,1266,2022-06-08,,Delhivery,Delivered
1267,1267,2023-07-23,2023-07-31,Delhivery,Returned
1268,1268,2023-08-02,2023-08-05,BlueDart,Returned
1269,1269,2023-04-06,,DTDC,Delivered
1270,1270,2023-03-24,,Delhivery,Delivered
1271,1271,2023-06-02,,FedEx,Delivered
1272,1272,2022-10-13,,Delhivery,Delivered
1273,1273,2023-08-04,,Ekart,Delivered
1274,1274,2023-02-15,,India Post,Delivered
1275,1275,2023-06-13,,FedEx,Delivered
1276,1276,2023-06-09,,Delhivery,Cancelled
1277,1277,2023-02-20,,India Post,Delivered
1278,1278,2022-01-06,,Ekart,Delivered
1279,1279,2023-12-19,,Ekart,Delivered
1280,1280,2023-12-30,,Amazon Logistics,Delivered
1281,1281,2022-08-17,,Delhivery,Delivered
1282,1282,2022-05-04,,FedEx,Delivered
1283,1283,2022-09-03,,DTDC,Delivered
1284,1284,2022-10-15,,Delhivery,Delivered
1285,1285,2022-02-24,,Amazon Logistics,Pending
1286,1286,2022-08-08,,Delhivery,Delivered
1287,1287,2022-12-24,,India Post,Pending
1288,1288,2022-12-03,2022-12-13,Delhivery,Returned
1289,1289,2022-10-03,,Ekart,Delivered
1290,1290,2023-09-24,,Delhivery,Pending
1291,1291,2023-10-04,,Amazon Logistics,Cancelled
1292,1292,2022-08-16,,BlueDart,Delivered
1293,1293,2022-01-18,,BlueDart,Pending
1294,1294,2023-08-23,,Ekart,In Transit
1295,1295,2023-01-28,,Ekart,Delivered
1296,1296,2023-10-08,,Amazon Logistics,Delivered
1297,1297,2023-03-31,,BlueDart,Delivered
1298,1298,2023-08-22,,Delhivery,Delivered
1299,1299,2023-04-05,,India Post,In Transit
1300,1300,2023-01-18,,Ekart,Delivered
1301,1301,2022-07-10,,India Post,Cancelled
1302,1302,2022-07-04,,Amazon Logistics,Delivered
1303,1303,2022-07-07,,Delhivery,Delivered
1304,1304,2022-06-20,,BlueDart,Cancelled
1305,1305,2023-12-08,,DTDC,Delivered
1306,1306,2022-03-19,,Delhivery,Delivered
1307,1307,2023-10-24,,BlueDart,Delivered
1308,1308,2023-06-27,,Delhivery,In Transit
1309,1309,2022-01-14,,FedEx,Delivered
1310,1310,2022-01-27,,FedEx,In Transit
1311,1311,2023-10-24,,BlueDart,Delivered
1312,1312,2022-04-01,,Ekart,Pending
1313,1313,2023-09-09,,BlueDart,Pending
1314,1314,2022-04-24,,DTDC,Cancelled
1315,1315,2023-12-27,,Ekart,Delivered
1316,1316,2023-08-05,,Delhivery,Cancelled
1317,1317,2022-11-13,,Ekart,Delivered
1318,1318,2022-03-03,,Amazon Logistics,Delivered
1319,1319,2023-07-13,,BlueDart,Cancelled
1320,1320,2022-04-18,,FedEx,Delivered
1321,1321,2023-03-06,2023-03-11,DTDC,Returned
1322,1322,2022-01-26,,India Post,Delivered
1323,1323,2022-12-31,,FedEx,Delivered
1324,1324,2023-12-05,2023-12-07,Amazon Logistics,Returned
1325,1325,2022-04-28,,India Post,Pending
1326,1326,2022-08-22,,India Post,Delivered
1327,1327,2023-09-26,,FedEx,Delivered
1328,1328,2022-03-29,,FedEx,Delivered
1329,1329,2022-07-04,,Ekart,Delivered
1330,1330,2022-07-10,,India Post,Delivered
1331,1331,2023-11-16,,BlueDart,Delivered
1332,1332,2022-10-26,,BlueDart,Delivered
1333,1333,2023-05-31,,Delhivery,Pending
1334,1334,2024-01-01,,BlueDart,Cancelled
1335,1335,2022-06-07,,India Post,Delivered
1336,1336,2022-06-05,,BlueDart,In Transit
1337,1337,2023-05-07,,Amazon Logistics,Delivered
1338,1338,2023-03-15,,FedEx,Delivered
1339,1339,2022-04-08,,Amazon Logistics,Delivered
1340,1340,2023-02-02,,DTDC,Delivered
1341,1341,2023-05-10,,Delhivery,Delivered
1342,1342,2023-10-19,,India Post,Cancelled
1343,1343,2023-11-04,,FedEx,Delivered
1344,1344,2023-07-21,,Amazon Logistics,Delivered
1345,1345,2023-07-01,,Delhivery,Delivered
1346,1346,2023-08-20,,Delhivery,Delivered
1347,1347,2023-12-13,,Amazon Logistics,Delivered
1348,1348,2022-04-03,,Amazon Logistics,Delivered
1349,1349,2022-01-23,,Amazon Logistics,Delivered
1350,1350,2022-05-22,,FedEx,Delivered
1351,1351,2022-12-28,,DTDC,Cancelled
1352,1352,2022-10-30,,Ekart,Cancelled
1353,1353,2023-07-22,,Ekart,Delivered
1354,1354,2022-08-23,,BlueDart,Delivered
1355,1355,2023-12-16,,Delhivery,Delivered
1356,1356,2022-01-29,,BlueDart,Delivered
1357,1357,2023-12-25,,FedEx,Delivered
1358,1358,2023-05-09,2023-05-11,Amazon Logistics,Returned
1359,1359,2022-02-04,,Amazon Logistics,Delivered
1360,1360,2022-09-09,,FedEx,Delivered
1361,1361,2023-03-06,,BlueDart,Delivered
1362,1362,2022-05-28,,DTDC,In Transit
1363,1363,2022-11-04,,Delhivery,In Transit
1364,1364,2023-04-03,,BlueDart,In Transit
1365,1365,2022-10-23,,BlueDart,Delivered
1366,1366,2023-10-21,,Ekart,In Transit
1367,1367,2023-06-05,,India Post,Delivered
1368,1368,2023-03-15,,Ekart,Delivered
1369,1369,2022-09-26,,India Post,Delivered
1370,1370,2023-12-31,,FedEx,Pending
1371,1371,2022-10-10,,DTDC,Delivered
1372,1372,2022-05-12,,India Post,Delivered
1373,1373,2022-03-04,,DTDC,Delivered
1374,1374,2023-07-28,,FedEx,Cancelled
1375,1375,2023-04-28,,FedEx,In Transit
1376,1376,2023-02-20,,DTDC,Delivered
1377,1377,2023-01-19,,BlueDart,Delivered
1378,1378,2022-04-25,,FedEx,Delivered
1379,1379,2022-12-14,,Delhivery,Delivered
1380,1380,2023-07-11,,Ekart,Delivered
1381,1381,2022-01-16,,FedEx,Delivered
1382,1382,2022-07-29,,India Post,Delivered
1383,1383,2022-04-02,,Delhivery,Delivered
1384,1384,2023-05-15,,Delhivery,Delivered
1385,1385,2022-11-18,,Ekart,In Transit
1386,1386,2023-02-15,,BlueDart,Delivered
1387,1387,2023-02-10,,BlueDart,Pending
1388,1388,2023-12-24,,Amazon Logistics,Delivered
1389,1389,2023-06-02,,BlueDart,Cancelled
1390,1390,2022-06-06,,Amazon Logistics,Cancelled
1391,1391,2023-05-06,,India Post,Delivered
1392,1392,2022-06-10,,DTDC,Delivered
1393,1393,2023-10-06,,BlueDart,Delivered
1394,1394,2022-08-12,,Ekart,In Transit
1395,1395,2022-06-16,,BlueDart,Delivered
1396,1396,2023-09-20,,Ekart,Pending
1397,1397,2022-12-19,,India Post,Delivered
1398,1398,2023-01-06,,DTDC,Delivered
1399,1399,2024-01-05,,Amazon Logistics,Delivered
1400,1400,2022-08-04,,Amazon Logistics,Delivered
1401,1401,2022-06-11,,DTDC,Pending
1402,1402,2022-04-11,,Ekart,Delivered
1403,1403,2022-11-17,,Ekart,Delivered
1404,1404,2023-04-14,,BlueDart,Pending
1405,1405,2022-06-19,,FedEx,Delivered
1406,1406,2023-01-02,,India Post,Delivered
1407,1407,2023-04-21,,FedEx,Pending
1408,1408,2023-04-03,,India Post,Pending
1409,1409,2023-08-09,,FedEx,Delivered
1410,1410,2022-10-24,2022-11-02,DTDC,Returned
1411,1411,2023-12-03,,BlueDart,Delivered
1412,1412,2023-10-03,,BlueDart,Delivered
1413,1413,2023-12-04,,India Post,Delivered
1414,1414,2023-12-04,,Ekart,Pending
1415,1415,2022-03-02,,Ekart,In Transit
1416,1416,2023-08-01,2023-08-04,FedEx,Returned
1417,1417,2022-10-29,,FedEx,Delivered
1418,1418,2022-03-18,2022-03-27,FedEx,Returned
1419,1419,2023-11-22,,DTDC,Delivered
1420,1420,2023-10-22,,Ekart,Delivered
1421,1421,2022-07-08,2022-07-10,BlueDart,Returned
1422,1422,2023-02-13,,DTDC,Delivered
1423,1423,2022-12-08,,Delhivery,Delivered
1424,1424,2023-09-12,,Ekart,In Transit
1425,1425,2023-05-06,,DTDC,Delivered
1426,1426,2023-07-18,,FedEx,Delivered
1427,1427,2022-08-09,,DTDC,Delivered
1428,1428,2023-09-10,,Ekart,Delivered
1429,1429,2023-01-11,,BlueDart,Pending
1430,1430,2022-08-10,2022-08-19,BlueDart,Returned
1431,1431,2023-12-05,,BlueDart,Delivered
1432,1432,2022-07-04,,India Post,Delivered
1433,1433,2023-02-24,2023-03-01,Ekart,Returned
1434,1434,2023-04-11,,BlueDart,Delivered
1435,1435,2023-11-22,,Amazon Logistics,Delivered
1436,1436,2022-03-01,,DTDC,Delivered
1437,1437,2022-11-05,,Amazon Logistics,Delivered
1438,1438,2023-03-11,,Delhivery,Delivered
1439,1439,2022-06-18,,India Post,Delivered
1440,1440,2023-12-16,,Delhivery,Cancelled
1441,1441,2023-07-30,,Amazon Logistics,Delivered
1442,1442,2023-11-17,,India Post,Delivered
1443,1443,2023-11-14,,Ekart,In Transit
1444,1444,2022-11-23,2022-11-30,Amazon Logistics,Returned
1445,1445,2022-06-05,,BlueDart,Delivered
1446,1446,2023-11-24,,DTDC,Delivered
1447,1447,2022-01-08,,Ekart,Delivered
1448,1448,2023-10-19,,BlueDart,Delivered
1449,1449,2022-08-14,,Amazon Logistics,Delivered
1450,1450,2023-07-16,,BlueDart,Delivered
1451,1451,2022-08-11,,FedEx,Pending
1452,1452,2023-11-30,,Ekart,Delivered
1453,1453,2023-01-13,2023-01-20,Amazon Logistics,Returned
1454,1454,2023-06-04,,BlueDart,In Transit
1455,1455,2023-10-30,,Delhivery,Delivered
1456,1456,2022-12-29,,India Post,Delivered
1457,1457,2022-12-13,,Delhivery,Delivered
1458,1458,2023-01-21,,Amazon Logistics,Delivered
1459,1459,2023-07-14,,Ekart,Delivered
1460,1460,2023-11-08,,BlueDart,Delivered
1461,1461,2022-10-23,,FedEx,Pending
1462,1462,2022-04-13,,Amazon Logistics,Delivered
1463,1463,2022-01-20,,Ekart,Delivered
1464,1464,2023-10-06,,Delhivery,Delivered
1465,1465,2023-04-04,,India Post,Cancelled
1466,1466,2023-11-20,,BlueDart,Delivered
1467,1467,2023-04-13,,BlueDart,Delivered
1468,1468,2023-04-28,,DTDC,Delivered
1469,1469,2023-04-22,,Amazon Logistics,In Transit
1470,1470,2023-02-12,,Amazon Logistics,Cancelled
1471,1471,2023-06-08,2023-06-15,India Post,Returned
1472,1472,2022-09-30,,Delhivery,In Transit
1473,1473,2022-01-10,,FedEx,Delivered
1474,1474,2022-01-30,,Ekart,Cancelled
1475,1475,2023-06-21,,DTDC,Delivered
1476,1476,2022-12-15,,India Post,Pending
1477,1477,2022-09-10,,Amazon Logistics,Delivered
1478,1478,2023-10-26,,Amazon Logistics,Cancelled
1479,1479,2023-08-19,,Amazon Logistics,Pending
1480,1480,2023-02-05,,India Post,Delivered
1481,1481,2022-11-26,,Amazon Logistics,Delivered
1482,1482,2022-04-13,,Ekart,Delivered
1483,1483,2023-10-10,,BlueDart,Cancelled
1484,1484,2023-10-09,,DTDC,Cancelled
1485,1485,2022-06-16,,BlueDart,Delivered
1486,1486,2022-04-09,,Amazon Logistics,Delivered
1487,1487,2023-09-02,,Delhivery,Delivered
1488,1488,2023-07-15,,BlueDart,Delivered
1489,1489,2022-01-27,,Amazon Logistics,Delivered
1490,1490,2023-04-13,,India Post,Cancelled
1491,1491,2022-07-16,2022-07-19,India Post,Returned
1492,1492,2022-11-05,,DTDC,Cancelled
1493,1493,2023-01-26,,Delhivery,In Transit
1494,1494,2022-10-13,,FedEx,Delivered
1495,1495,2023-10-20,,BlueDart,Delivered
1496,1496,2023-09-07,,Delhivery,Delivered
1497,1497,2022-10-01,,India Post,Delivered
1498,1498,2023-05-26,2023-06-03,Delhivery,Returned
1499,1499,2022-08-02,,DTDC,Delivered
1500,1500,2022-01-27,,India Post,Delivered
1501,1501,2023-10-07,,Amazon Logistics,In Transit
1502,1502,2023-01-23,,Amazon Logistics,Delivered
1503,1503,2023-04-08,,India Post,Delivered
1504,1504,2022-01-14,,DTDC,In Transit
1505,1505,2023-10-12,,Amazon Logistics,Delivered
1506,1506,2022-12-23,,Ekart,Pending
1507,1507,2023-09-11,,BlueDart,Delivered
1508,1508,2022-09-23,,Delhivery,Delivered
1509,1509,2022-02-03,,Amazon Logistics,Delivered
1510,1510,2022-06-11,,India Post,Delivered
1511,1511,2022-08-15,,DTDC,Delivered
1512,1512,2022-03-28,,DTDC,Pending
1513,1513,2022-10-04,,Ekart,Delivered
1514,1514,2022-04-10,,DTDC,Delivered
1515,1515,2022-10-31,,India Post,Cancelled
1516,1516,2023-03-24,2023-03-30,BlueDart,Returned
1517,1517,2022-09-19,,FedEx,In Transit
1518,1518,2022-10-20,,Ekart,Delivered
1519,1519,2023-08-27,,Ekart,Cancelled
1520,1520,2023-05-17,,India Post,Delivered
1521,1521,2022-10-09,,India Post,Delivered
1522,1522,2023-09-19,,Delhivery,Delivered
1523,1523,2022-12-29,,India Post,Cancelled
1524,1524,2023-04-08,,Delhivery,Pending
1525,1525,2022-09-19,,India Post,Delivered
1526,1526,2023-10-25,,FedEx,Delivered
1527,1527,2022-02-05,,Amazon Logistics,Cancelled
1528,1528,2023-03-21,,Amazon Logistics,Delivered
1529,1529,2022-03-18,,BlueDart,Delivered
1530,1530,2022-06-01,,FedEx,Delivered
1531,1531,2022-11-24,,BlueDart,In Transit
1532,1532,2022-08-11,,India Post,Cancelled
1533,1533,2022-08-28,,Delhivery,Delivered
1534,1534,2023-09-11,,India Post,Delivered
1535,1535,2023-07-30,,DTDC,Delivered
1536,1536,2023-11-22,2023-12-02,DTDC,Returned
1537,1537,2023-03-11,,Ekart,Delivered
1538,1538,2022-11-28,,Amazon Logistics,Delivered
1539,1539,2023-05-25,,BlueDart,Pending
1540,1540,2023-03-11,,Amazon Logistics,Delivered
1541,1541,2023-09-11,,BlueDart,Delivered
1542,1542,2023-08-18,,India Post,Delivered
1543,1543,2023-08-17,,Ekart,Delivered
1544,1544,2023-02-18,2023-02-24,DTDC,Returned
1545,1545,2022-02-14,,FedEx,Delivered
1546,1546,2023-05-02,,Amazon Logistics,In Transit
1547,1547,2022-10-11,,FedEx,Delivered
1548,1548,2022-03-24,,BlueDart,Delivered
1549,1549,2023-09-24,,India Post,Delivered
1550,1550,2023-04-14,,DTDC,Pending
1551,1551,2022-05-09,,India Post,Pending
1552,1552,2022-04-20,,Ekart,Delivered
1553,1553,2022-01-15,,Amazon Logistics,Pending
1554,1554,2023-12-10,,DTDC,Delivered
1555,1555,2022-04-05,2022-04-13,Ekart,Returned
1556,1556,2023-01-17,,Amazon Logistics,Pending
1557,1557,2023-12-09,,Ekart,Delivered
1558,1558,2022-02-18,,BlueDart,Pending
1559,1559,2022-03-23,,DTDC,In Transit
1560,1560,2023-01-26,,BlueDart,Delivered
1561,1561,2022-05-27,,India Post,Delivered
1562,1562,2022-11-26,,Amazon Logistics,In Transit
1563,1563,2023-03-02,,FedEx,In Transit
1564,1564,2023-06-23,,DTDC,Delivered
1565,1565,2023-11-12,,DTDC,Delivered
1566,1566,2023-05-12,,BlueDart,Delivered
1567,1567,2022-11-04,,DTDC,Delivered
1568,1568,2022-09-07,,DTDC,In Transit
1569,1569,2022-08-04,,FedEx,Delivered
1570,1570,2023-05-27,,FedEx,Delivered
1571,1571,2022-08-14,,FedEx,Delivered
1572,1572,2022-04-20,,FedEx,Cancelled
1573,1573,2023-06-30,,FedEx,In Transit
1574,1574,2022-11-20,,Delhivery,In Transit
1575,1575,2023-06-05,,DTDC,Delivered
1576,1576,2023-01-11,2023-01-17,Delhivery,Returned
1577,1577,2023-06-12,,BlueDart,Delivered
1578,1578,2022-03-16,,BlueDart,Delivered
1579,1579,2022-11-16,,DTDC,Delivered
1580,1580,2022-06-01,,Ekart,In Transit
1581,1581,2022-09-09,,Delhivery,Delivered
1582,1582,2022-02-04,,Amazon Logistics,Delivered
1583,1583,2023-01-01,2023-01-10,Amazon Logistics,Returned
1584,1584,2022-03-30,,India Post,Delivered
1585,1585,2023-02-16,,Ekart,Delivered
1586,1586,2022-02-27,,BlueDart,Delivered
1587,1587,2022-02-21,,Ekart,In Transit
1588,1588,2023-03-13,,Delhivery,Delivered
1589,1589,2022-07-03,,Ekart,Delivered
1590,1590,2023-05-25,,Delhivery,Delivered
1591,1591,2022-02-26,,BlueDart,Pending
1592,1592,2022-08-15,2022-08-19,Amazon Logistics,Returned
1593,1593,2023-08-14,,DTDC,Delivered
1594,1594,2022-04-16,2022-04-18,Delhivery,Returned
1595,1595,2023-12-19,,FedEx,Delivered
1596,1596,2022-04-16,,FedEx,Cancelled
1597,1597,2023-12-12,,Delhivery,Delivered
1598,1598,2022-07-29,,BlueDart,Delivered
1599,1599,2023-09-04,,BlueDart,Delivered
1600,1600,2022-07-14,,DTDC,Delivered
1601,1601,2022-11-10,,Ekart,Delivered
1602,1602,2022-11-22,,DTDC,Delivered
1603,1603,2022-12-12,,FedEx,Delivered
1604,1604,2022-01-17,,DTDC,Delivered
1605,1605,2022-01-27,2022-02-05,DTDC,Returned
1606,1606,2022-06-27,2022-07-01,India Post,Returned
1607,1607,2023-09-04,,DTDC,Delivered
1608,1608,2023-05-18,,FedEx,Delivered
1609,1609,2022-02-20,,BlueDart,Delivered
1610,1610,2022-10-28,,BlueDart,Delivered
1611,1611,2022-06-24,,Delhivery,Cancelled
1612,1612,2022-04-17,,FedEx,Delivered
1613,1613,2023-05-22,,DTDC,Pending
1614,1614,2022-09-24,,Ekart,Delivered
1615,1615,2023-04-20,,Delhivery,Delivered
1616,1616,2022-12-11,,BlueDart,Cancelled
1617,1617,2023-09-07,,FedEx,Delivered
1618,1618,2023-06-21,,Delhivery,Delivered
1619,1619,2023-03-02,,Ekart,In Transit
1620,1620,2022-05-27,,India Post,Delivered
1621,1621,2023-08-17,,DTDC,Pending
1622,1622,2023-01-07,,Ekart,Delivered
1623,1623,2023-01-26,,FedEx,Pending
1624,1624,2023-10-08,2023-10-13,India Post,Returned
1625,1625,2023-04-08,,Amazon Logistics,Delivered
1626,1626,2023-12-02,,India Post,Delivered
1627,1627,2023-03-09,,DTDC,Delivered
1628,1628,2022-02-17,,Ekart,In Transit
1629,1629,2023-09-23,,BlueDart,Cancelled
1630,1630,2023-08-08,,India Post,Delivered
1631,1631,2022-01-14,,Delhivery,Delivered
1632,1632,2023-12-02,,India Post,Pending
1633,1633,2023-10-05,,BlueDart,Delivered
1634,1634,2023-05-15,,FedEx,Cancelled
1635,1635,2022-01-21,,India Post,Delivered
1636,1636,2023-09-05,,BlueDart,Delivered
1637,1637,2022-01-10,,Delhivery,In Transit
1638,1638,2022-01-04,,Amazon Logistics,Delivered
1639,1639,2022-10-22,,FedEx,In Transit
1640,1640,2023-08-01,,India Post,In Transit
1641,1641,2022-05-31,,Ekart,Delivered
1642,1642,2022-03-26,,FedEx,Delivered
1643,1643,2023-01-01,,Ekart,Delivered
1644,1644,2023-03-14,2023-03-20,Delhivery,Returned
1645,1645,2022-11-10,,FedEx,Delivered
1646,1646,2023-03-26,,Amazon Logistics,Cancelled
1647,1647,2022-05-24,,Ekart,Delivered
1648,1648,2022-05-24,,Ekart,Delivered
1649,1649,2022-11-11,,Ekart,Delivered
1650,1650,2023-10-10,,FedEx,Delivered
1651,1651,2023-03-29,,BlueDart,Delivered
1652,1652,2023-12-13,,Amazon Logistics,Pending
1653,1653,2024-01-01,,Delhivery,Delivered
1654,1654,2023-04-27,,Amazon Logistics,Delivered
1655,1655,2023-07-28,,FedEx,Delivered
1656,1656,2022-05-25,,India Post,Cancelled
1657,1657,2023-08-23,,DTDC,Delivered
1658,1658,2023-07-13,2023-07-15,Delhivery,Returned
1659,1659,2022-03-01,,India Post,Delivered
1660,1660,2023-11-22,,Delhivery,Cancelled
1661,1661,2023-06-16,,Delhivery,Delivered
1662,1662,2022-10-05,,Amazon Logistics,Delivered
1663,1663,2023-09-04,,India Post,Delivered
1664,1664,2023-12-10,,FedEx,Delivered
1665,1665,2023-08-23,,India Post,In Transit
1666,1666,2022-02-27,,DTDC,Delivered
1667,1667,2023-08-03,,Delhivery,Delivered
1668,1668,2023-11-26,,Amazon Logistics,Delivered
1669,1669,2022-11-18,,Ekart,Cancelled
1670,1670,2023-10-03,,Delhivery,Delivered
1671,1671,2022-01-02,2022-01-05,Ekart,Returned
1672,1672,2023-06-20,,Ekart,Delivered
1673,1673,2023-05-05,,Delhivery,Delivered
1674,1674,2022-02-28,,FedEx,Delivered
1675,1675,2023-05-13,,India Post,Cancelled
1676,1676,2023-07-17,,BlueDart,In Transit
1677,1677,2023-11-10,,Delhivery,Delivered
1678,1678,2023-10-17,,Delhivery,Delivered
1679,1679,2023-11-07,,Ekart,Delivered
1680,1680,2023-12-20,,DTDC,Delivered
1681,1681,2022-10-26,,India Post,Delivered
1682,1682,2023-08-31,,BlueDart,In Transit
1683,1683,2023-02-08,,BlueDart,Cancelled
1684,1684,2023-04-23,,BlueDart,Delivered
1685,1685,2022-10-22,,DTDC,Delivered
1686,1686,2022-01-15,,Amazon Logistics,Delivered
1687,1687,2023-11-03,,Amazon Logistics,Delivered
1688,1688,2022-02-18,,Amazon Logistics,Pending
1689,1689,2023-04-28,,BlueDart,Delivered
1690,1690,2022-01-13,,Delhivery,Delivered
1691,1691,2023-06-01,2023-06-05,DTDC,Returned
1692,1692,2023-06-27,,DTDC,Delivered
1693,1693,2023-11-05,,Amazon Logistics,In Transit
1694,1694,2023-08-03,,BlueDart,In Transit
1695,1695,2022-05-28,,DTDC,In Transit
1696,1696,2023-02-11,,BlueDart,Delivered
1697,1697,2023-05-04,,Delhivery,Delivered
1698,1698,2023-12-29,,Delhivery,Cancelled
1699,1699,2023-06-28,,BlueDart,In Transit
1700,1700,2023-08-31,,India Post,Delivered
1701,1701,2023-09-30,,FedEx,Delivered
1702,1702,2022-02-04,,BlueDart,Delivered
1703,1703,2022-04-11,,DTDC,Delivered
1704,1704,2023-11-30,,BlueDart,In Transit
1705,1705,2022-09-03,,Amazon Logistics,In Transit
1706,1706,2023-01-31,2023-02-03,BlueDart,Returned
1707,1707,2022-03-10,,BlueDart,Delivered
1708,1708,2022-03-20,,Ekart,Delivered
1709,1709,2023-10-10,2023-10-20,Delhivery,Returned
1710,1710,2022-11-27,,India Post,Delivered
1711,1711,2022-05-20,,India Post,Delivered
1712,1712,2022-07-22,,Delhivery,Delivered
1713,1713,2022-10-24,,Ekart,In Transit
1714,1714,2023-03-23,,Ekart,Cancelled
1715,1715,2022-07-20,,DTDC,Delivered
1716,1716,2023-11-19,,DTDC,Delivered
1717,1717,2022-05-28,,Ekart,Delivered
1718,1718,2023-02-23,2023-03-04,Delhivery,Returned
1719,1719,2022-12-19,,DTDC,In Transit
1720,1720,2023-10-24,,Delhivery,Delivered
1721,1721,2022-08-04,,DTDC,Delivered
1722,1722,2023-01-04,2023-01-14,BlueDart,Returned
1723,1723,2022-03-13,,Ekart,Delivered
1724,1724,2022-03-15,,Delhivery,Delivered
1725,1725,2023-06-18,,Ekart,Delivered
1726,1726,2022-08-29,,BlueDart,Delivered
1727,1727,2022-01-27,2022-02-01,FedEx,Returned
1728,1728,2022-09-17,,Amazon Logistics,Delivered
1729,1729,2022-06-16,,India Post,Delivered
1730,1730,2023-08-15,,FedEx,Pending
1731,1731,2023-05-31,,Delhivery,Delivered
1732,1732,2023-07-18,,India Post,Delivered
1733,1733,2022-09-28,,Amazon Logistics,Delivered
1734,1734,2023-03-10,,BlueDart,Delivered
1735,1735,2022-03-05,,BlueDart,Delivered
1736,1736,2022-12-05,,Delhivery,In Transit
1737,1737,2022-03-08,,Amazon Logistics,Delivered
1738,1738,2023-08-03,,India Post,In Transit
1739,1739,2022-02-08,,FedEx,Pending
1740,1740,2023-09-06,2023-09-14,Delhivery,Returned
1741,1741,2023-07-23,,FedEx,Delivered
1742,1742,2022-02-17,,FedEx,Delivered
1743,1743,2022-08-22,,FedEx,Delivered
1744,1744,2022-11-09,,DTDC,Delivered
1745,1745,2022-03-02,,Ekart,Cancelled
1746,1746,2022-07-22,2022-07-27,India Post,Returned
1747,1747,2023-12-05,,BlueDart,Delivered
1748,1748,2023-05-11,,FedEx,In Transit
1749,1749,2023-12-19,,Amazon Logistics,In Transit
1750,1750,2023-07-18,,Delhivery,Delivered
1751,1751,2023-09-27,,BlueDart,Delivered
1752,1752,2022-12-23,,BlueDart,Delivered
1753,1753,2022-04-07,,Ekart,Delivered
1754,1754,2023-07-07,,FedEx,Pending
1755,1755,2022-01-18,,FedEx,Delivered
1756,1756,2022-03-03,,DTDC,Delivered
1757,1757,2022-07-08,,India Post,Delivered
1758,1758,2023-09-10,,DTDC,Pending
1759,1759,2022-05-15,,BlueDart,Delivered
1760,1760,2022-05-07,,Ekart,Delivered
1761,1761,2023-07-13,,Delhivery,In Transit
1762,1762,2023-01-02,,Amazon Logistics,Delivered
1763,1763,2022-11-10,,Amazon Logistics,Cancelled
1764,1764,2022-10-30,,FedEx,Delivered
1765,1765,2022-10-02,,BlueDart,Delivered
1766,1766,2022-04-18,2022-04-24,Amazon Logistics,Returned
1767,1767,2023-12-27,,Delhivery,Delivered
1768,1768,2022-03-26,,DTDC,Cancelled
1769,1769,2023-06-20,,Ekart,In Transit
1770,1770,2022-08-07,,DTDC,In Transit
1771,1771,2022-05-29,,Delhivery,In Transit
1772,1772,2023-10-30,,India Post,Pending
1773,1773,2022-01-27,,Amazon Logistics,Delivered
1774,1774,2023-08-30,,FedEx,Cancelled
1775,1775,2022-03-29,2022-04-04,Delhivery,Returned
1776,1776,2023-01-31,2023-02-02,India Post,Returned
1777,1777,2023-01-30,,Ekart,Delivered
1778,1778,2023-01-26,,Delhivery,Delivered
1779,1779,2022-02-27,,Ekart,Delivered
1780,1780,2022-12-28,2023-01-02,DTDC,Returned
1781,1781,2022-12-13,,Ekart,Cancelled
1782,1782,2023-09-03,,BlueDart,Delivered
1783,1783,2023-10-04,,Ekart,Cancelled
1784,1784,2022-03-05,,DTDC,Delivered
1785,1785,2023-11-30,,BlueDart,Delivered
1786,1786,2023-08-11,,FedEx,In Transit
1787,1787,2022-09-26,,Delhivery,Delivered
1788,1788,2022-09-06,,Amazon Logistics,Delivered
1789,1789,2023-12-03,,Delhivery,Delivered
1790,1790,2022-09-14,,BlueDart,Delivered
1791,1791,2023-08-09,,FedEx,Delivered
1792,1792,2023-01-07,,BlueDart,Delivered
1793,1793,2023-11-04,,Delhivery,Delivered
1794,1794,2022-05-10,,DTDC,In Transit
1795,1795,2022-10-03,,India Post,Delivered
1796,1796,2022-01-22,,India Post,Delivered
1797,1797,2023-01-07,,Ekart,Cancelled
1798,1798,2022-08-15,,DTDC,Delivered
1799,1799,2022-03-27,,DTDC,Delivered
1800,1800,2022-03-12,,Ekart,Delivered
1801,1801,2022-10-11,,Ekart,Delivered
1802,1802,2023-10-10,2023-10-20,India Post,Returned
1803,1803,2023-11-06,,Ekart,Delivered
1804,1804,2022-02-10,,Delhivery,Delivered
1805,1805,2023-03-30,,DTDC,Delivered
1806,1806,2022-08-26,,India Post,Pending
1807,1807,2022-09-23,,Delhivery,Cancelled
1808,1808,2022-12-30,,India Post,Delivered
1809,1809,2022-09-01,,Amazon Logistics,Delivered
1810,1810,2023-04-04,,DTDC,Delivered
1811,1811,2022-08-01,,Amazon Logistics,Delivered
1812,1812,2023-12-04,,DTDC,Delivered
1813,1813,2022-10-18,,DTDC,Delivered
1814,1814,2023-01-07,2023-01-15,India Post,Returned
1815,1815,2023-01-21,,DTDC,Delivered
1816,1816,2022-06-15,,Ekart,Delivered
1817,1817,2022-06-06,,Ekart,Delivered
1818,1818,2023-09-18,,DTDC,Delivered
1819,1819,2023-06-06,,Amazon Logistics,In Transit
1820,1820,2022-08-14,,DTDC,Delivered
1821,1821,2022-06-04,,Amazon Logistics,Pending
1822,1822,2022-03-26,,Ekart,Pending
1823,1823,2022-08-23,,India Post,Pending
1824,1824,2023-10-12,,DTDC,Delivered
1825,1825,2022-05-10,,DTDC,Cancelled
1826,1826,2023-09-19,,Ekart,Delivered
1827,1827,2023-03-31,,Amazon Logistics,Delivered
1828,1828,2023-08-17,,BlueDart,Delivered
1829,1829,2023-01-07,,Amazon Logistics,Delivered
1830,1830,2022-05-01,,India Post,Delivered
1831,1831,2023-02-26,,Ekart,Delivered
1832,1832,2023-06-05,,Delhivery,In Transit
1833,1833,2023-09-14,,FedEx,Cancelled
1834,1834,2022-08-28,2022-09-03,FedEx,Returned
1835,1835,2022-09-11,,India Post,In Transit
1836,1836,2023-11-15,,BlueDart,Delivered
1837,1837,2022-10-22,,FedEx,Delivered
1838,1838,2023-02-25,,Delhivery,Pending
1839,1839,2023-08-15,2023-08-22,BlueDart,Returned
1840,1840,2022-07-25,2022-08-01,DTDC,Returned
1841,1841,2022-01-20,,FedEx,Delivered
1842,1842,2023-07-25,,Amazon Logistics,In Transit
1843,1843,2022-05-12,,Ekart,Cancelled
1844,1844,2022-01-27,,Delhivery,Pending
1845,1845,2022-05-20,2022-05-28,Ekart,Returned
1846,1846,2023-03-10,,DTDC,Delivered
1847,1847,2023-07-26,,DTDC,Delivered
1848,1848,2022-12-13,,Ekart,Delivered
1849,1849,2023-09-27,,Delhivery,Delivered
1850,1850,2022-12-31,2023-01-04,FedEx,Returned
1851,1851,2023-10-12,,BlueDart,Cancelled
1852,1852,2022-10-29,,BlueDart,In Transit
1853,1853,2022-07-09,,Amazon Logistics,Delivered
1854,1854,2023-06-10,2023-06-14,Delhivery,Returned
1855,1855,2023-09-05,,FedEx,In Transit
1856,1856,2023-04-12,,BlueDart,Delivered
1857,1857,2023-06-06,,FedEx,Delivered
1858,1858,2022-04-12,,DTDC,Delivered
1859,1859,2022-02-21,2022-02-27,India Post,Returned
1860,1860,2023-08-19,,FedEx,Delivered
1861,1861,2023-01-31,,Delhivery,Delivered
1862,1862,2022-06-01,2022-06-08,BlueDart,Returned
1863,1863,2022-08-05,,India Post,Delivered
1864,1864,2023-09-26,,FedEx,Delivered
1865,1865,2022-06-23,,Delhivery,Delivered
1866,1866,2023-03-31,,DTDC,Delivered
1867,1867,2022-09-24,,Ekart,Delivered
1868,1868,2022-08-30,,India Post,Delivered
1869,1869,2022-08-05,,Amazon Logistics,In Transit
1870,1870,2022-02-01,,Delhivery,Pending
1871,1871,2023-07-12,,BlueDart,Delivered
1872,1872,2022-02-01,,Ekart,Delivered
1873,1873,2023-08-13,,Delhivery,Delivered
1874,1874,2022-05-13,,Amazon Logistics,Delivered
1875,1875,2022-04-27,2022-05-05,Ekart,Returned
1876,1876,2022-05-08,,BlueDart,Delivered
1877,1877,2022-03-31,,Ekart,Pending
1878,1878,2023-11-21,,Delhivery,Cancelled
1879,1879,2022-08-19,,DTDC,Delivered
1880,1880,2023-06-08,,Ekart,Delivered
1881,1881,2023-06-14,,Ekart,Delivered
1882,1882,2023-12-11,,DTDC,Delivered
1883,1883,2023-12-29,,Delhivery,Delivered
1884,1884,2023-07-30,,India Post,Delivered
1885,1885,2023-10-13,,India Post,Delivered
1886,1886,2023-08-29,,India Post,In Transit
1887,1887,2022-10-02,,Delhivery,Delivered
1888,1888,2022-07-16,,Ekart,Delivered
1889,1889,2022-07-28,,Delhivery,Pending
1890,1890,2022-08-11,,India Post,Delivered
1891,1891,2023-07-27,,FedEx,In Transit
1892,1892,2022-02-12,,DTDC,Delivered
1893,1893,2023-01-30,,Delhivery,Delivered
1894,1894,2022-12-27,,Amazon Logistics,In Transit
1895,1895,2022-07-08,,Delhivery,Cancelled
1896,1896,2022-11-01,,Ekart,Delivered
1897,1897,2023-10-10,,Ekart,Delivered
1898,1898,2023-05-12,,FedEx,Delivered
1899,1899,2022-10-24,,Delhivery,Delivered
1900,1900,2023-11-12,,DTDC,Delivered
1901,1901,2022-11-27,,India Post,Delivered
1902,1902,2023-02-14,,Ekart,Cancelled
1903,1903,2023-05-13,,India Post,Delivered
1904,1904,2023-12-08,,India Post,Delivered
1905,1905,2023-06-08,,FedEx,Delivered
1906,1906,2022-12-02,,India Post,Delivered
1907,1907,2023-02-07,,Ekart,Delivered
1908,1908,2022-09-25,,India Post,Delivered
1909,1909,2022-08-16,,Ekart,Cancelled
1910,1910,2022-11-14,,Delhivery,Delivered
1911,1911,2022-06-22,,DTDC,Cancelled
1912,1912,2022-04-26,,Ekart,Delivered
1913,1913,2022-05-17,,Ekart,Delivered
1914,1914,2022-01-23,,BlueDart,Delivered
1915,1915,2023-12-26,,BlueDart,In Transit
1916,1916,2023-07-24,,FedEx,Delivered
1917,1917,2022-08-08,,BlueDart,Delivered
1918,1918,2022-06-15,,BlueDart,Delivered
1919,1919,2022-08-27,2022-09-06,Ekart,Returned
1920,1920,2022-12-08,,FedEx,Delivered
1921,1921,2022-09-17,,Ekart,Delivered
1922,1922,2022-01-26,,India Post,Delivered
1923,1923,2023-02-17,,Ekart,Delivered
1924,1924,2022-10-22,,Delhivery,Delivered
1925,1925,2023-12-09,,DTDC,Delivered
1926,1926,2022-05-12,,DTDC,In Transit
1927,1927,2022-05-16,2022-05-21,India Post,Returned
1928,1928,2022-04-02,,DTDC,Delivered
1929,1929,2023-12-23,,FedEx,Delivered
1930,1930,2022-01-20,,FedEx,Delivered
1931,1931,2022-06-08,,Ekart,Delivered
1932,1932,2023-02-06,2023-02-11,India Post,Returned
1933,1933,2022-12-01,,DTDC,In Transit
1934,1934,2022-11-07,,Amazon Logistics,Delivered
1935,1935,2022-10-03,,FedEx,Delivered
1936,1936,2023-01-23,,India Post,Delivered
1937,1937,2023-02-23,,Amazon Logistics,Delivered
1938,1938,2023-12-22,,FedEx,Delivered
1939,1939,2022-01-20,,FedEx,Delivered
1940,1940,2023-01-18,,BlueDart,In Transit
1941,1941,2023-04-13,,FedEx,Pending
1942,1942,2023-02-13,,DTDC,Delivered
1943,1943,2023-05-08,,Ekart,Delivered
1944,1944,2022-12-12,,BlueDart,Pending
1945,1945,2022-04-10,,India Post,Delivered
1946,1946,2023-05-19,,Ekart,Delivered
1947,1947,2023-02-21,,FedEx,Delivered
1948,1948,2023-08-06,,India Post,Delivered
1949,1949,2023-05-26,,FedEx,Delivered
1950,1950,2022-12-13,,BlueDart,Delivered
1951,1951,2023-12-09,,Delhivery,Delivered
1952,1952,2022-01-07,,BlueDart,Delivered
1953,1953,2023-08-03,,Delhivery,Delivered
1954,1954,2022-11-18,,FedEx,Delivered
1955,1955,2023-04-21,,Delhivery,Delivered
1956,1956,2022-03-26,,BlueDart,Delivered
1957,1957,2022-03-23,,Delhivery,In Transit
1958,1958,2022-06-20,,BlueDart,Delivered
1959,1959,2022-07-25,,Delhivery,Delivered
1960,1960,2023-03-13,,BlueDart,Delivered
1961,1961,2023-06-24,,Delhivery,In Transit
1962,1962,2023-07-19,,India Post,Delivered
1963,1963,2022-05-03,,India Post,In Transit
1964,1964,2023-11-25,,DTDC,Delivered
1965,1965,2023-01-17,,FedEx,Delivered
1966,1966,2022-10-30,,Delhivery,Delivered
1967,1967,2023-09-22,,Delhivery,Delivered
1968,1968,2023-09-16,,BlueDart,Delivered
1969,1969,2022-12-07,,Delhivery,In Transit
1970,1970,2022-05-20,,FedEx,In Transit
1971,1971,2023-05-06,,Ekart,Delivered
1972,1972,2022-06-07,,Delhivery,Pending
1973,1973,2022-01-07,,Amazon Logistics,Delivered
1974,1974,2023-12-13,,Delhivery,Delivered
1975,1975,2022-04-12,,DTDC,Delivered
1976,1976,2022-06-15,,BlueDart,Delivered
1977,1977,2022-08-22,,BlueDart,Delivered
1978,1978,2022-07-21,,Ekart,Cancelled
1979,1979,2023-03-16,,Ekart,Delivered
1980,1980,2023-10-07,,India Post,Pending
1981,1981,2023-07-30,,BlueDart,In Transit
1982,1982,2022-03-22,,India Post,Delivered
1983,1983,2022-08-11,,India Post,Delivered
1984,1984,2022-04-20,,India Post,Delivered
1985,1985,2023-01-29,,Ekart,Cancelled
1986,1986,2023-09-03,,Amazon Logistics,Pending
1987,1987,2023-09-26,,Amazon Logistics,Delivered
1988,1988,2022-01-05,,Amazon Logistics,Pending
1989,1989,2022-04-06,,DTDC,Delivered
1990,1990,2022-06-21,,FedEx,Delivered
1991,1991,2022-02-25,,DTDC,Cancelled
1992,1992,2023-03-14,,Amazon Logistics,Delivered
1993,1993,2023-06-02,,Amazon Logistics,Delivered
1994,1994,2023-02-11,,BlueDart,Delivered
1995,1995,2023-05-04,,BlueDart,Cancelled
1996,1996,2022-11-24,2022-11-30,India Post,Returned
1997,1997,2022-08-12,,DTDC,Pending
1998,1998,2022-10-16,,FedEx,Cancelled
1999,1999,2023-07-29,,BlueDart,In Transit
2000,2000,2022-09-18,,India Post,Delivered
2001,2001,2023-03-23,,India Post,Delivered
2002,2002,2023-01-15,,Ekart,Cancelled
2003,2003,2022-12-22,,Delhivery,Delivered
2004,2004,2023-08-01,,Delhivery,Delivered
2005,2005,2022-07-08,,Delhivery,Pending
2006,2006,2022-07-21,,Amazon Logistics,Delivered
2007,2007,2022-01-09,,BlueDart,Delivered
2008,2008,2023-01-14,,FedEx,Delivered
2009,2009,2022-01-16,,India Post,Delivered
2010,2010,2022-10-14,,BlueDart,Delivered
2011,2011,2023-12-19,,India Post,Delivered
2012,2012,2022-03-02,,DTDC,Cancelled
2013,2013,2023-05-03,,India Post,Delivered
2014,2014,2022-06-28,2022-07-02,Amazon Logistics,Returned
2015,2015,2023-07-15,,Delhivery,Delivered
2016,2016,2022-01-31,,Ekart,Delivered
2017,2017,2022-07-02,,BlueDart,Delivered
2018,2018,2022-05-06,,Amazon Logistics,Delivered
2019,2019,2022-03-10,2022-03-15,Delhivery,Returned
2020,2020,2022-10-15,,India Post,In Transit
2021,2021,2022-01-19,,FedEx,Cancelled
2022,2022,2022-11-23,,Delhivery,Delivered
2023,2023,2023-08-27,,Delhivery,Delivered
2024,2024,2023-11-16,,Ekart,Cancelled
2025,2025,2023-11-19,,DTDC,Delivered
2026,2026,2023-05-31,,India Post,Delivered
2027,2027,2022-06-27,,Delhivery,Delivered
2028,2028,2022-07-24,,Delhivery,Delivered
2029,2029,2023-10-14,,BlueDart,Delivered
2030,2030,2023-08-02,,Ekart,Delivered
2031,2031,2023-08-10,,DTDC,Delivered
2032,2032,2023-04-23,2023-04-27,FedEx,Returned
2033,2033,2022-07-08,,Delhivery,Delivered
2034,2034,2023-09-02,,Ekart,In Transit
2035,2035,2022-01-12,,BlueDart,Delivered
2036,2036,2022-03-26,,Ekart,Pending
2037,2037,2022-11-16,,FedEx,Delivered
2038,2038,2022-07-16,,BlueDart,In Transit
2039,2039,2022-11-18,,Ekart,In Transit
2040,2040,2022-07-07,,Ekart,Delivered
2041,2041,2023-03-02,,FedEx,Delivered
2042,2042,2022-07-25,,Delhivery,Delivered
2043,2043,2023-03-30,,BlueDart,Delivered
2044,2044,2023-08-19,,Delhivery,Cancelled
2045,2045,2023-06-25,,Ekart,In Transit
2046,2046,2022-06-27,,Amazon Logistics,Delivered
2047,2047,2023-07-07,,Ekart,Pending
2048,2048,2023-03-25,,Delhivery,Cancelled
2049,2049,2022-10-24,,Delhivery,In Transit
2050,2050,2023-06-02,,BlueDart,Cancelled
2051,2051,2022-04-08,,FedEx,Delivered
2052,2052,2022-08-15,,BlueDart,Delivered
2053,2053,2022-05-03,,India Post,Delivered
2054,2054,2023-05-05,,Delhivery,Delivered
2055,2055,2023-01-18,,DTDC,In Transit
2056,2056,2022-02-05,,DTDC,Delivered
2057,2057,2023-01-05,,BlueDart,Delivered
2058,2058,2023-05-07,,FedEx,Delivered
2059,2059,2022-04-16,,Amazon Logistics,Delivered
2060,2060,2023-04-25,,BlueDart,In Transit
2061,2061,2023-03-29,,BlueDart,Delivered
2062,2062,2023-08-17,,DTDC,In Transit
2063,2063,2023-05-03,,BlueDart,Delivered
2064,2064,2023-01-23,,DTDC,Delivered
2065,2065,2023-02-20,,DTDC,Pending
2066,2066,2022-08-30,,FedEx,Delivered
2067,2067,2023-03-16,,Ekart,Pending
2068,2068,2023-02-19,,Ekart,Delivered
2069,2069,2022-06-21,2022-06-26,Amazon Logistics,Returned
2070,2070,2023-12-20,,FedEx,Delivered
2071,2071,2023-08-08,,Ekart,Delivered
2072,2072,2022-12-12,,FedEx,Pending
2073,2073,2022-11-17,,BlueDart,Delivered
2074,2074,2022-12-22,,FedEx,Delivered
2075,2075,2022-01-03,,BlueDart,Delivered
2076,2076,2022-06-30,,Ekart,Delivered
2077,2077,2022-09-02,,India Post,Delivered
2078,2078,2022-09-11,,Amazon Logistics,Delivered
2079,2079,2023-01-20,,DTDC,Delivered
2080,2080,2022-04-18,,Delhivery,In Transit
2081,2081,2023-12-20,,DTDC,In Transit
2082,2082,2023-04-21,,BlueDart,In Transit
2083,2083,2022-04-13,,Delhivery,Delivered
2084,2084,2022-05-21,,Delhivery,Delivered
2085,2085,2022-10-21,,India Post,In Transit
2086,2086,2023-03-16,,Ekart,Delivered
2087,2087,2022-12-24,,India Post,In Transit
2088,2088,2023-08-26,2023-09-05,Delhivery,Returned
2089,2089,2022-07-07,,BlueDart,Delivered
2090,2090,2022-12-16,,Amazon Logistics,Delivered
2091,2091,2023-02-17,,Delhivery,Delivered
2092,2092,2022-05-24,,BlueDart,Delivered
2093,2093,2022-11-09,,BlueDart,Delivered
2094,2094,2023-11-02,,Amazon Logistics,Delivered
2095,2095,2022-11-17,,BlueDart,Cancelled
2096,2096,2022-02-07,,DTDC,Delivered
2097,2097,2023-02-13,,Ekart,Cancelled
2098,2098,2023-04-24,,Amazon Logistics,Delivered
2099,2099,2022-04-18,,FedEx,Cancelled
2100,2100,2022-01-14,,BlueDart,Delivered
2101,2101,2023-06-09,,FedEx,Delivered
2102,2102,2023-05-14,,DTDC,Delivered
2103,2103,2022-02-26,,Delhivery,Delivered
2104,2104,2023-10-15,,BlueDart,Cancelled
2105,2105,2023-04-11,,DTDC,Cancelled
2106,2106,2024-01-01,,BlueDart,Pending
2107,2107,2022-04-29,,India Post,Pending
2108,2108,2023-07-02,2023-07-11,Amazon Logistics,Returned
2109,2109,2022-03-24,,India Post,Delivered
2110,2110,2023-12-27,,Ekart,Delivered
2111,2111,2023-09-23,,India Post,Delivered
2112,2112,2023-04-25,,DTDC,Delivered
2113,2113,2023-05-22,,DTDC,Delivered
2114,2114,2023-09-10,,FedEx,Delivered
2115,2115,2022-12-16,,FedEx,In Transit
2116,2116,2022-01-30,,Ekart,Delivered
2117,2117,2023-01-03,,India Post,Delivered
2118,2118,2022-11-02,,Delhivery,Delivered
2119,2119,2023-01-04,,Amazon Logistics,Delivered
2120,2120,2023-02-11,,Ekart,Delivered
2121,2121,2022-04-12,,BlueDart,Delivered
2122,2122,2023-05-24,,India Post,Delivered
2123,2123,2023-04-18,,FedEx,Delivered
2124,2124,2023-06-22,,Delhivery,Delivered
2125,2125,2022-12-06,,India Post,Delivered
2126,2126,2023-10-21,,BlueDart,Delivered
2127,2127,2022-03-27,,BlueDart,In Transit
2128,2128,2023-03-10,,BlueDart,Delivered
2129,2129,2022-09-24,,Amazon Logistics,In Transit
2130,2130,2022-03-26,,India Post,Pending
2131,2131,2022-07-20,,Ekart,Pending
2132,2132,2023-09-27,2023-10-06,Ekart,Returned
2133,2133,2022-09-11,,BlueDart,Delivered
2134,2134,2023-05-05,,Amazon Logistics,Pending
2135,2135,2022-10-12,,Delhivery,Cancelled
2136,2136,2022-10-14,,FedEx,Delivered
2137,2137,2023-02-17,,India Post,In Transit
2138,2138,2022-10-08,,BlueDart,Delivered
2139,2139,2023-03-05,,BlueDart,Delivered
2140,2140,2023-04-24,,Delhivery,Delivered
2141,2141,2022-08-16,,Ekart,In Transit
2142,2142,2022-08-19,,DTDC,Delivered
2143,2143,2024-01-03,,BlueDart,Delivered
2144,2144,2023-10-17,,Amazon Logistics,Delivered
2145,2145,2023-05-07,,Amazon Logistics,Delivered
2146,2146,2022-12-16,,Delhivery,Cancelled
2147,2147,2022-06-07,,India Post,Delivered
2148,2148,2023-07-02,,FedEx,In Transit
2149,2149,2022-09-20,,DTDC,In Transit
2150,2150,2023-08-12,,Delhivery,Delivered
2151,2151,2023-08-01,,Ekart,Delivered
2152,2152,2023-07-02,,Amazon Logistics,Delivered
2153,2153,2022-11-21,,Ekart,Delivered
2154,2154,2022-06-13,,India Post,Delivered
2155,2155,2022-12-29,,DTDC,Delivered
2156,2156,2022-01-26,,India Post,Delivered
2157,2157,2023-05-20,2023-05-22,FedEx,Returned
2158,2158,2022-05-18,,India Post,Pending
2159,2159,2022-05-12,,India Post,Delivered
2160,2160,2022-04-26,,FedEx,Delivered
2161,2161,2022-06-15,,FedEx,Pending
2162,2162,2023-02-20,,FedEx,Delivered
2163,2163,2022-08-15,,Amazon Logistics,Delivered
2164,2164,2023-01-09,,DTDC,In Transit
2165,2165,2023-12-10,,Ekart,In Transit
2166,2166,2022-11-24,,Ekart,Delivered
2167,2167,2022-08-21,,FedEx,Delivered
2168,2168,2023-04-26,,Delhivery,Delivered
2169,2169,2022-07-03,,India Post,Delivered
2170,2170,2022-12-12,,India Post,In Transit
2171,2171,2023-12-05,,India Post,Delivered
2172,2172,2023-11-01,,Delhivery,Delivered
2173,2173,2023-10-17,,BlueDart,Delivered
2174,2174,2023-09-22,,Delhivery,Pending
2175,2175,2023-09-11,,FedEx,Delivered
2176,2176,2022-01-28,,India Post,Delivered
2177,2177,2023-08-10,,Delhivery,In Transit
2178,2178,2023-01-20,,Amazon Logistics,Delivered
2179,2179,2023-11-06,,DTDC,Delivered
2180,2180,2022-07-21,,DTDC,Delivered
2181,2181,2022-09-08,,DTDC,Pending
2182,2182,2022-07-27,,Delhivery,Delivered
2183,2183,2022-02-05,,Delhivery,Delivered
2184,2184,2022-09-13,,FedEx,Delivered
2185,2185,2022-09-07,,DTDC,Pending
2186,2186,2023-06-01,,Amazon Logistics,Cancelled
2187,2187,2022-12-09,,Delhivery,Delivered
2188,2188,2022-03-15,,FedEx,Delivered
2189,2189,2023-11-26,,FedEx,Pending
2190,2190,2023-02-04,,Ekart,Pending
2191,2191,2023-07-09,,Ekart,Cancelled
2192,2192,2023-10-27,,Amazon Logistics,Delivered
2193,2193,2023-05-10,,Ekart,Delivered
2194,2194,2023-02-14,,DTDC,In Transit
2195,2195,2023-01-10,2023-01-15,Amazon Logistics,Returned
2196,2196,2023-10-10,,BlueDart,Delivered
2197,2197,2022-05-12,,India Post,Cancelled
2198,2198,2023-08-19,,BlueDart,In Transit
2199,2199,2023-01-12,,Ekart,Delivered
2200,2200,2022-09-10,,Delhivery,Delivered
2201,2201,2022-04-12,,DTDC,In Transit
2202,2202,2023-04-16,,BlueDart,Delivered
2203,2203,2022-09-11,,India Post,Delivered
2204,2204,2023-12-09,,BlueDart,Cancelled
2205,2205,2023-12-21,,Ekart,Delivered
2206,2206,2022-02-08,,DTDC,Delivered
2207,2207,2022-10-26,2022-10-30,Amazon Logistics,Returned
2208,2208,2023-08-05,,Delhivery,Delivered
2209,2209,2022-06-16,,Delhivery,Delivered
2210,2210,2023-04-01,,FedEx,Delivered
2211,2211,2023-12-17,,Delhivery,Delivered
2212,2212,2023-01-31,,Delhivery,Delivered
2213,2213,2022-08-08,,Ekart,Delivered
2214,2214,2022-01-14,,DTDC,In Transit
2215,2215,2023-06-17,,DTDC,Delivered
2216,2216,2022-06-27,,DTDC,Delivered
2217,2217,2023-08-26,,India Post,Delivered
2218,2218,2023-01-22,,Delhivery,Delivered
2219,2219,2023-06-25,,Amazon Logistics,Delivered
2220,2220,2023-01-27,,Delhivery,Pending
2221,2221,2022-12-18,,BlueDart,Delivered
2222,2222,2022-06-04,,Ekart,Cancelled
2223,2223,2022-05-06,,DTDC,Delivered
2224,2224,2023-04-21,2023-04-27,DTDC,Returned
2225,2225,2023-06-26,,DTDC,In Transit
2226,2226,2023-01-12,,India Post,Delivered
2227,2227,2022-04-15,,Delhivery,Delivered
2228,2228,2022-10-06,,India Post,Cancelled
2229,2229,2023-07-10,,FedEx,Pending
2230,2230,2022-03-02,,Delhivery,Delivered
2231,2231,2022-09-11,,Ekart,Delivered
2232,2232,2023-10-31,,FedEx,Delivered
2233,2233,2023-04-14,,DTDC,Pending
2234,2234,2022-10-01,,Delhivery,Delivered
2235,2235,2022-07-19,2022-07-22,BlueDart,Returned
2236,2236,2022-05-20,,DTDC,Delivered
2237,2237,2022-08-26,,India Post,In Transit
2238,2238,2023-05-09,,Delhivery,Delivered
2239,2239,2022-02-25,,India Post,Delivered
2240,2240,2023-05-09,,DTDC,Delivered
2241,2241,2022-07-24,,FedEx,Delivered
2242,2242,2023-09-10,,FedEx,Delivered
2243,2243,2023-08-23,,Delhivery,In Transit
2244,2244,2023-04-02,,Ekart,Delivered
2245,2245,2023-10-15,,DTDC,Delivered
2246,2246,2022-01-03,,India Post,Delivered
2247,2247,2022-10-10,,FedEx,Delivered
2248,2248,2023-06-09,,Ekart,Delivered
2249,2249,2023-10-26,2023-10-29,DTDC,Returned
2250,2250,2022-09-14,,Amazon Logistics,In Transit
2251,2251,2023-06-01,,BlueDart,Delivered
2252,2252,2022-07-10,,DTDC,Delivered
2253,2253,2023-06-07,,DTDC,Delivered
2254,2254,2022-03-12,,India Post,In Transit
2255,2255,2022-04-08,,Amazon Logistics,Delivered
2256,2256,2023-12-10,,Delhivery,Delivered
2257,2257,2022-04-25,,Ekart,Delivered
2258,2258,2023-06-03,,Delhivery,In Transit
2259,2259,2023-05-01,,BlueDart,Delivered
2260,2260,2023-09-20,,Ekart,In Transit
2261,2261,2022-12-03,,Delhivery,In Transit
2262,2262,2022-06-28,,DTDC,Delivered
2263,2263,2022-06-12,,BlueDart,Pending
2264,2264,2023-11-02,,India Post,Cancelled
2265,2265,2022-10-08,,BlueDart,Delivered
2266,2266,2022-11-09,,DTDC,Delivered
2267,2267,2023-01-02,,DTDC,Delivered
2268,2268,2022-11-14,,India Post,Delivered
2269,2269,2023-03-08,,FedEx,Pending
2270,2270,2022-03-02,,Delhivery,Delivered
2271,2271,2022-05-27,,Delhivery,In Transit
2272,2272,2022-01-21,,Amazon Logistics,Delivered
2273,2273,2023-11-10,,DTDC,Delivered
2274,2274,2023-01-22,,BlueDart,Delivered
2275,2275,2023-01-31,,Ekart,Delivered
2276,2276,2022-07-29,,Ekart,Delivered
2277,2277,2023-03-28,,India Post,Delivered
2278,2278,2022-09-07,,Ekart,In Transit
2279,2279,2023-09-05,,India Post,Cancelled
2280,2280,2023-02-08,,Delhivery,Delivered
2281,2281,2022-10-18,,DTDC,Delivered
2282,2282,2022-04-19,,BlueDart,Delivered
2283,2283,2023-07-07,2023-07-10,FedEx,Returned
2284,2284,2022-04-28,2022-04-30,Ekart,Returned
2285,2285,2022-03-20,,BlueDart,In Transit
2286,2286,2022-06-09,,BlueDart,Delivered
2287,2287,2023-08-14,,Ekart,Delivered
2288,2288,2022-09-10,,DTDC,Delivered
2289,2289,2023-11-13,,BlueDart,Delivered
2290,2290,2022-10-27,,BlueDart,Delivered
2291,2291,2022-03-13,,DTDC,In Transit
2292,2292,2022-11-19,2022-11-23,India Post,Returned
2293,2293,2023-04-04,,BlueDart,Delivered
2294,2294,2023-04-29,,BlueDart,Delivered
2295,2295,2022-07-24,,DTDC,Delivered
2296,2296,2023-09-12,,Delhivery,Delivered
2297,2297,2023-10-24,,Delhivery,Delivered
2298,2298,2023-05-19,,Amazon Logistics,Cancelled
2299,2299,2022-03-08,,FedEx,Delivered
2300,2300,2023-08-07,,Amazon Logistics,Pending
2301,2301,2022-12-06,,Delhivery,Delivered
2302,2302,2023-08-14,,BlueDart,Delivered
2303,2303,2022-03-21,,BlueDart,Pending
2304,2304,2022-05-01,,Ekart,Cancelled
2305,2305,2022-04-01,,DTDC,Delivered
2306,2306,2022-07-20,,FedEx,In Transit
2307,2307,2023-03-21,,Delhivery,Delivered
2308,2308,2022-06-08,,BlueDart,Delivered
2309,2309,2023-10-30,,FedEx,Delivered
2310,2310,2023-12-15,2023-12-23,FedEx,Returned
2311,2311,2023-02-21,,Amazon Logistics,Delivered
2312,2312,2023-02-08,,FedEx,Delivered
2313,2313,2023-03-17,2023-03-21,BlueDart,Returned
2314,2314,2023-08-23,,India Post,Delivered
2315,2315,2023-04-15,,DTDC,Delivered
2316,2316,2023-08-13,2023-08-19,Amazon Logistics,Returned
2317,2317,2023-08-17,,Delhivery,Cancelled
2318,2318,2022-08-03,,Ekart,Delivered
2319,2319,2023-07-02,,India Post,Cancelled
2320,2320,2023-07-12,,Delhivery,Delivered
2321,2321,2022-11-23,,Delhivery,In Transit
2322,2322,2022-07-28,,India Post,Delivered
2323,2323,2022-10-10,,Ekart,Cancelled
2324,2324,2022-01-29,,India Post,Delivered
2325,2325,2023-01-23,2023-01-30,Delhivery,Returned
2326,2326,2022-08-07,,India Post,Delivered
2327,2327,2023-02-16,,India Post,Cancelled
2328,2328,2023-09-02,,India Post,Delivered
2329,2329,2022-07-04,,DTDC,In Transit
2330,2330,2022-05-09,,DTDC,Delivered
2331,2331,2023-05-20,,India Post,Delivered
2332,2332,2022-11-25,,Delhivery,Delivered
2333,2333,2022-04-07,,India Post,Delivered
2334,2334,2022-09-24,,FedEx,Pending
2335,2335,2022-01-19,,FedEx,Cancelled
2336,2336,2023-02-16,,BlueDart,Delivered
2337,2337,2022-11-17,,DTDC,Delivered
2338,2338,2023-11-03,,Ekart,Pending
2339,2339,2022-04-02,,Ekart,Cancelled
2340,2340,2023-05-03,,India Post,In Transit
2341,2341,2022-12-03,,Amazon Logistics,Cancelled
2342,2342,2022-07-03,,Ekart,Delivered
2343,2343,2022-06-13,,Ekart,Delivered
2344,2344,2022-02-10,,Ekart,Cancelled
2345,2345,2023-11-11,,India Post,Delivered
2346,2346,2022-06-12,,BlueDart,Delivered
2347,2347,2023-06-19,,FedEx,In Transit
2348,2348,2023-11-18,2023-11-24,India Post,Returned
2349,2349,2022-04-28,,BlueDart,Delivered
2350,2350,2022-07-31,,BlueDart,Delivered
2351,2351,2022-10-02,,Amazon Logistics,Delivered
2352,2352,2022-01-29,2022-01-31,Delhivery,Returned
2353,2353,2022-02-08,2022-02-16,India Post,Returned
2354,2354,2022-02-18,,Amazon Logistics,In Transit
2355,2355,2023-06-24,,FedEx,Delivered
2356,2356,2022-12-27,,Amazon Logistics,Delivered
2357,2357,2022-03-14,,India Post,Delivered
2358,2358,2023-03-06,,FedEx,Delivered
2359,2359,2023-09-14,,Ekart,Delivered
2360,2360,2023-05-04,,Amazon Logistics,Delivered
2361,2361,2023-11-09,,Ekart,Pending
2362,2362,2023-11-18,,DTDC,Delivered
2363,2363,2023-08-11,,India Post,Delivered
2364,2364,2022-05-17,,Ekart,Delivered
2365,2365,2022-03-27,,Ekart,In Transit
2366,2366,2022-10-20,,Amazon Logistics,Delivered
2367,2367,2022-08-21,,Amazon Logistics,In Transit
2368,2368,2022-11-07,,BlueDart,Pending
2369,2369,2023-11-17,,BlueDart,Delivered
2370,2370,2022-10-06,,DTDC,Delivered
2371,2371,2023-01-21,,Ekart,Delivered
2372,2372,2022-02-07,,India Post,Delivered
2373,2373,2022-07-24,,Ekart,Delivered
2374,2374,2022-02-07,,Amazon Logistics,Delivered
2375,2375,2022-11-30,,BlueDart,Delivered
2376,2376,2022-12-24,2022-12-26,Amazon Logistics,Returned
2377,2377,2023-08-17,,Amazon Logistics,Pending
2378,2378,2023-04-13,,DTDC,Delivered
2379,2379,2022-05-06,,DTDC,In Transit
2380,2380,2023-06-12,,FedEx,Delivered
2381,2381,2022-07-13,,Amazon Logistics,Cancelled
2382,2382,2023-05-20,,India Post,Delivered
2383,2383,2022-04-11,,DTDC,In Transit
2384,2384,2022-10-01,,DTDC,Delivered
2385,2385,2022-01-29,,DTDC,Delivered
2386,2386,2022-08-23,,Amazon Logistics,Cancelled
2387,2387,2022-05-07,,India Post,Delivered
2388,2388,2022-12-24,,Ekart,Delivered
2389,2389,2022-03-30,,Amazon Logistics,Delivered
2390,2390,2023-06-13,,DTDC,Cancelled
2391,2391,2022-08-17,,Amazon Logistics,Delivered
2392,2392,2023-01-02,,India Post,Cancelled
2393,2393,2023-08-04,,India Post,Delivered
2394,2394,2023-07-03,,Amazon Logistics,Delivered
2395,2395,2023-07-01,,Ekart,Delivered
2396,2396,2023-11-30,,Ekart,Delivered
2397,2397,2023-09-29,,FedEx,In Transit
2398,2398,2023-07-11,,India Post,Delivered
2399,2399,2022-07-29,,DTDC,Pending
2400,2400,2023-02-16,2023-02-20,Delhivery,Returned
2401,2401,2023-03-11,,Amazon Logistics,Delivered
2402,2402,2022-05-25,,Amazon Logistics,Delivered
2403,2403,2022-09-18,,Ekart,In Transit
2404,2404,2022-08-06,,Amazon Logistics,Delivered
2405,2405,2022-03-15,,Amazon Logistics,Delivered
2406,2406,2022-05-29,,BlueDart,In Transit
2407,2407,2022-09-10,,Amazon Logistics,Delivered
2408,2408,2023-02-08,,Amazon Logistics,Delivered
2409,2409,2022-12-27,,Amazon Logistics,Pending
2410,2410,2022-10-12,,Amazon Logistics,Delivered
2411,2411,2023-08-27,,FedEx,Delivered
2412,2412,2023-04-02,,FedEx,Delivered
2413,2413,2022-12-05,,FedEx,Delivered
2414,2414,2022-11-19,,DTDC,Cancelled
2415,2415,2023-09-07,,Delhivery,In Transit
2416,2416,2022-11-07,,Ekart,Delivered
2417,2417,2023-09-21,,DTDC,Delivered
2418,2418,2022-12-21,,FedEx,Pending
2419,2419,2022-02-16,,BlueDart,Delivered
2420,2420,2023-04-25,,BlueDart,Delivered
2421,2421,2023-12-30,,India Post,In Transit
2422,2422,2022-08-24,,DTDC,Delivered
2423,2423,2023-09-13,2023-09-15,Ekart,Returned
2424,2424,2022-09-06,,BlueDart,Delivered
2425,2425,2023-12-25,,DTDC,Delivered
2426,2426,2023-10-17,,DTDC,Delivered
2427,2427,2022-10-15,,India Post,Delivered
2428,2428,2022-12-04,,Delhivery,Cancelled
2429,2429,2023-01-04,,Delhivery,Delivered
2430,2430,2023-05-17,,FedEx,Delivered
2431,2431,2023-09-01,,Ekart,Delivered
2432,2432,2023-12-30,,Delhivery,Delivered
2433,2433,2023-08-08,,DTDC,Delivered
2434,2434,2023-11-16,,India Post,Delivered
2435,2435,2023-08-30,,India Post,Pending
2436,2436,2023-08-18,,Amazon Logistics,Pending
2437,2437,2022-09-06,,Ekart,In Transit
2438,2438,2023-09-13,,DTDC,In Transit
2439,2439,2022-02-12,,FedEx,Cancelled
2440,2440,2023-04-20,,Ekart,Delivered
2441,2441,2023-02-14,,DTDC,In Transit
2442,2442,2023-03-21,,India Post,Delivered
2443,2443,2022-07-09,,India Post,Pending
2444,2444,2022-04-14,,BlueDart,Cancelled
2445,2445,2023-04-16,,BlueDart,Delivered
2446,2446,2023-12-06,,DTDC,Pending
2447,2447,2022-09-14,,BlueDart,Cancelled
2448,2448,2022-12-03,,Amazon Logistics,Pending
2449,2449,2022-09-29,,Delhivery,Delivered
2450,2450,2023-07-18,,Ekart,In Transit
2451,2451,2022-12-24,,BlueDart,Cancelled
2452,2452,2022-04-07,,FedEx,Delivered
2453,2453,2022-08-26,,FedEx,Delivered
2454,2454,2022-04-07,,Delhivery,Delivered
2455,2455,2023-05-29,,Delhivery,In Transit
2456,2456,2022-08-01,,Delhivery,Delivered
2457,2457,2022-12-16,2022-12-23,FedEx,Returned
2458,2458,2022-06-15,,India Post,Delivered
2459,2459,2022-04-27,,India Post,Delivered
2460,2460,2023-06-08,,BlueDart,Delivered
2461,2461,2023-07-31,,BlueDart,Delivered
2462,2462,2023-12-19,,BlueDart,Delivered
2463,2463,2024-01-03,,BlueDart,Delivered
2464,2464,2022-10-01,,BlueDart,Delivered
2465,2465,2022-12-31,2023-01-05,Amazon Logistics,Returned
2466,2466,2022-04-19,,BlueDart,Cancelled
2467,2467,2022-11-02,,Amazon Logistics,Pending
2468,2468,2022-12-01,,DTDC,Cancelled
2469,2469,2022-09-12,,BlueDart,In Transit
2470,2470,2022-10-13,,India Post,Delivered
2471,2471,2023-12-16,2023-12-21,Ekart,Returned
2472,2472,2023-03-31,,BlueDart,Delivered
2473,2473,2022-11-02,2022-11-04,India Post,Returned
2474,2474,2023-05-15,,Delhivery,Delivered
2475,2475,2023-07-20,,Delhivery,Delivered
2476,2476,2023-06-20,,FedEx,Delivered
2477,2477,2023-02-06,,BlueDart,In Transit
2478,2478,2023-01-10,,India Post,Delivered
2479,2479,2023-01-10,,BlueDart,Delivered
2480,2480,2023-01-06,,Delhivery,Delivered
2481,2481,2023-12-25,,Ekart,Delivered
2482,2482,2022-04-13,,Ekart,In Transit
2483,2483,2023-07-07,,Amazon Logistics,Cancelled
2484,2484,2023-09-15,,Ekart,Delivered
2485,2485,2023-12-22,,Amazon Logistics,Cancelled
2486,2486,2022-08-22,,DTDC,Delivered
2487,2487,2022-02-28,,Ekart,Delivered
2488,2488,2023-09-01,,DTDC,Pending
2489,2489,2022-06-28,,DTDC,Delivered
2490,2490,2023-10-31,,FedEx,Delivered
2491,2491,2023-12-26,,Delhivery,In Transit
2492,2492,2022-03-11,,FedEx,Delivered
2493,2493,2022-09-17,,FedEx,Delivered
2494,2494,2023-09-08,,Amazon Logistics,In Transit
2495,2495,2022-05-20,,Delhivery,In Transit
2496,2496,2022-11-17,,Amazon Logistics,In Transit
2497,2497,2022-12-06,,BlueDart,Cancelled
2498,2498,2023-06-06,,Delhivery,Delivered
2499,2499,2023-07-11,,FedEx,Delivered
2500,2500,2022-01-09,,FedEx,Delivered
2501,2501,2023-01-05,,DTDC,Cancelled
2502,2502,2022-03-16,,Delhivery,Delivered
2503,2503,2022-06-16,,FedEx,Delivered
2504,2504,2023-09-13,,India Post,Pending
2505,2505,2022-07-07,2022-07-12,India Post,Returned
2506,2506,2022-05-05,,Delhivery,Delivered
2507,2507,2023-02-19,,Delhivery,Pending
2508,2508,2023-02-04,,India Post,Delivered
2509,2509,2023-05-02,,DTDC,Delivered
2510,2510,2022-11-20,,DTDC,In Transit
2511,2511,2022-09-19,,India Post,Delivered
2512,2512,2023-02-17,,Ekart,Delivered
2513,2513,2023-10-26,,Delhivery,Delivered
2514,2514,2022-04-11,,DTDC,Delivered
2515,2515,2023-09-14,,Ekart,Delivered
2516,2516,2023-01-20,,Amazon Logistics,Delivered
2517,2517,2023-06-30,,BlueDart,Delivered
2518,2518,2022-11-14,,Ekart,Delivered
2519,2519,2022-03-16,,India Post,Delivered
2520,2520,2023-09-29,,DTDC,Delivered
2521,2521,2022-12-21,2022-12-27,DTDC,Returned
2522,2522,2023-09-12,,Ekart,Delivered
2523,2523,2023-04-01,,Delhivery,Delivered
2524,2524,2022-06-03,,Ekart,Delivered
2525,2525,2022-02-12,2022-02-22,Delhivery,Returned
2526,2526,2022-05-07,,India Post,Pending
2527,2527,2022-04-23,,Ekart,Delivered
2528,2528,2023-06-20,,Ekart,Delivered
2529,2529,2023-09-12,2023-09-14,Delhivery,Returned
2530,2530,2023-04-16,,DTDC,Delivered
2531,2531,2023-02-04,,Ekart,Pending
2532,2532,2023-11-21,,DTDC,Delivered
2533,2533,2023-01-14,,Delhivery,Pending
2534,2534,2023-05-21,,Delhivery,Delivered
2535,2535,2022-03-03,,Delhivery,Cancelled
2536,2536,2023-11-09,,India Post,Cancelled
2537,2537,2022-04-15,,FedEx,Delivered
2538,2538,2023-11-07,,Delhivery,Delivered
2539,2539,2023-12-25,,Ekart,Delivered
2540,2540,2023-07-15,,Delhivery,Delivered
2541,2541,2022-05-22,,FedEx,Delivered
2542,2542,2023-10-06,,FedEx,Delivered
2543,2543,2022-03-29,,FedEx,Delivered
2544,2544,2022-12-01,,FedEx,Delivered
2545,2545,2022-11-11,,FedEx,Delivered
2546,2546,2023-12-07,,DTDC,Delivered
2547,2547,2022-02-17,,DTDC,Delivered
2548,2548,2023-08-26,,Ekart,Delivered
2549,2549,2023-10-22,,FedEx,Delivered
2550,2550,2022-02-03,,BlueDart,Delivered
2551,2551,2023-01-01,,DTDC,Delivered
2552,2552,2023-12-05,,Amazon Logistics,In Transit
2553,2553,2023-06-25,,India Post,Delivered
2554,2554,2023-12-02,2023-12-08,Ekart,Returned
2555,2555,2022-04-15,2022-04-22,Delhivery,Returned
2556,2556,2024-01-02,,Amazon Logistics,In Transit
2557,2557,2023-05-28,,BlueDart,Delivered
2558,2558,2022-01-17,,DTDC,Delivered
2559,2559,2023-12-08,,DTDC,Delivered
2560,2560,2022-09-06,,DTDC,Pending
2561,2561,2023-02-06,,Amazon Logistics,Delivered
2562,2562,2023-02-21,,Ekart,Delivered
2563,2563,2022-09-14,,FedEx,Delivered
2564,2564,2023-03-12,,DTDC,In Transit
2565,2565,2023-10-07,,Ekart,Pending
2566,2566,2023-11-02,,Amazon Logistics,Delivered
2567,2567,2022-01-12,,FedEx,Delivered
2568,2568,2022-07-19,,Ekart,Delivered
2569,2569,2023-09-11,,FedEx,In Transit
2570,2570,2022-02-15,,Amazon Logistics,Delivered
2571,2571,2023-11-11,,BlueDart,Delivered
2572,2572,2022-05-01,2022-05-09,Ekart,Returned
2573,2573,2023-05-17,,India Post,Delivered
2574,2574,2022-06-26,,India Post,Delivered
2575,2575,2023-12-01,,Ekart,Delivered
2576,2576,2023-07-08,2023-07-12,Amazon Logistics,Returned
2577,2577,2022-09-28,,BlueDart,Delivered
2578,2578,2022-07-28,,FedEx,Delivered
2579,2579,2023-05-26,,BlueDart,Delivered
2580,2580,2022-02-09,,India Post,Delivered
2581,2581,2022-08-24,,Ekart,Delivered
2582,2582,2023-12-16,,India Post,Delivered
2583,2583,2023-09-24,,Amazon Logistics,In Transit
2584,2584,2023-04-02,,Delhivery,Delivered
2585,2585,2023-06-03,,India Post,In Transit
2586,2586,2022-11-26,,BlueDart,Delivered
2587,2587,2022-06-08,2022-06-11,Ekart,Returned
2588,2588,2022-12-26,2022-12-31,India Post,Returned
2589,2589,2022-03-02,,BlueDart,Delivered
2590,2590,2022-10-30,,FedEx,Delivered
2591,2591,2023-10-10,,Delhivery,In Transit
2592,2592,2023-03-27,,Ekart,Delivered
2593,2593,2022-09-12,,DTDC,Delivered
2594,2594,2022-06-18,,DTDC,Pending
2595,2595,2022-03-02,,Ekart,Delivered
2596,2596,2023-06-18,,DTDC,Delivered
2597,2597,2022-06-25,,India Post,Delivered
2598,2598,2022-06-01,,India Post,In Transit
2599,2599,2022-01-09,,Amazon Logistics,Delivered
2600,2600,2023-02-03,,Amazon Logistics,Delivered
2601,2601,2022-08-23,,Amazon Logistics,Delivered
2602,2602,2023-07-17,,Ekart,Delivered
2603,2603,2023-05-08,,DTDC,Delivered
2604,2604,2022-10-18,,DTDC,Delivered
2605,2605,2022-09-02,,Ekart,Delivered
2606,2606,2022-12-24,,FedEx,Delivered
2607,2607,2022-06-11,2022-06-14,DTDC,Returned
2608,2608,2022-08-21,,India Post,Delivered
2609,2609,2022-07-02,,BlueDart,Pending
2610,2610,2022-06-17,,DTDC,Delivered
2611,2611,2022-11-08,,India Post,Delivered
2612,2612,2024-01-02,2024-01-05,Amazon Logistics,Returned
2613,2613,2023-02-20,,Ekart,Delivered
2614,2614,2023-02-25,,FedEx,Delivered
2615,2615,2023-04-12,,BlueDart,Delivered
2616,2616,2022-12-17,,Delhivery,Delivered
2617,2617,2023-07-01,,India Post,Delivered
2618,2618,2022-07-17,,Ekart,Pending
2619,2619,2023-11-10,,Ekart,Delivered
2620,2620,2023-04-21,,DTDC,Cancelled
2621,2621,2023-01-24,,DTDC,Delivered
2622,2622,2022-05-28,,BlueDart,Delivered
2623,2623,2023-04-13,2023-04-16,Amazon Logistics,Returned
2624,2624,2023-02-28,,Delhivery,Delivered
2625,2625,2023-07-21,,FedEx,In Transit
2626,2626,2023-06-17,,Ekart,Pending
2627,2627,2022-01-27,,Delhivery,Delivered
2628,2628,2023-11-17,,DTDC,Pending
2629,2629,2023-12-01,,BlueDart,Delivered
2630,2630,2023-02-21,,Delhivery,Delivered
2631,2631,2022-11-24,2022-12-02,FedEx,Returned
2632,2632,2022-05-18,,BlueDart,Delivered
2633,2633,2023-09-25,,Delhivery,Delivered
2634,2634,2022-02-07,,Delhivery,Cancelled
2635,2635,2022-04-02,2022-04-11,Amazon Logistics,Returned
2636,2636,2022-02-27,,FedEx,Delivered
2637,2637,2023-01-05,,FedEx,Delivered
2638,2638,2022-08-11,,FedEx,Delivered
2639,2639,2022-11-23,,FedEx,Delivered
2640,2640,2023-12-26,,FedEx,Delivered
2641,2641,2023-08-04,,India Post,Delivered
2642,2642,2022-05-07,,Ekart,Delivered
2643,2643,2023-08-01,,BlueDart,Delivered
2644,2644,2022-10-20,,Ekart,Pending
2645,2645,2023-11-13,2023-11-15,DTDC,Returned
2646,2646,2022-04-12,,Ekart,Delivered
2647,2647,2023-01-27,,DTDC,Delivered
2648,2648,2022-01-23,,Ekart,Pending
2649,2649,2023-01-12,,Amazon Logistics,Delivered
2650,2650,2022-07-08,,Delhivery,Pending
2651,2651,2023-11-22,2023-11-25,Ekart,Returned
2652,2652,2022-04-01,,Delhivery,Delivered
2653,2653,2022-05-21,,BlueDart,In Transit
2654,2654,2022-06-04,,Delhivery,Delivered
2655,2655,2023-10-16,,DTDC,In Transit
2656,2656,2022-03-31,,FedEx,Pending
2657,2657,2023-05-23,2023-05-26,Ekart,Returned
2658,2658,2023-03-08,2023-03-13,BlueDart,Returned
2659,2659,2022-07-21,,BlueDart,Pending
2660,2660,2022-01-30,2022-02-09,Amazon Logistics,Returned
2661,2661,2022-02-27,,Delhivery,In Transit
2662,2662,2022-10-01,,India Post,Delivered
2663,2663,2022-10-08,,Amazon Logistics,In Transit
2664,2664,2023-11-12,,DTDC,Delivered
2665,2665,2022-05-17,,Delhivery,Delivered
2666,2666,2023-08-15,,BlueDart,Delivered
2667,2667,2023-05-01,,Amazon Logistics,Delivered
2668,2668,2023-11-22,,Delhivery,Delivered
2669,2669,2023-01-13,2023-01-15,Ekart,Returned
2670,2670,2023-03-13,,DTDC,Delivered
2671,2671,2022-12-25,,Ekart,Delivered
2672,2672,2023-05-18,,India Post,Delivered
2673,2673,2023-04-09,,Ekart,Delivered
2674,2674,2023-11-18,2023-11-25,Ekart,Returned
2675,2675,2022-05-02,,India Post,Cancelled
2676,2676,2022-04-23,,Delhivery,Delivered
2677,2677,2022-03-13,,FedEx,Cancelled
2678,2678,2022-04-03,,Amazon Logistics,Delivered
2679,2679,2022-01-15,2022-01-17,Amazon Logistics,Returned
2680,2680,2023-09-28,,BlueDart,Delivered
2681,2681,2023-04-18,,Delhivery,Cancelled
2682,2682,2022-04-21,,Ekart,Delivered
2683,2683,2022-05-25,2022-05-27,Delhivery,Returned
2684,2684,2022-07-12,,DTDC,Pending
2685,2685,2022-01-09,,Delhivery,Delivered
2686,2686,2022-02-25,,DTDC,Delivered
2687,2687,2023-10-07,,Delhivery,Delivered
2688,2688,2022-07-25,,Delhivery,Delivered
2689,2689,2022-07-12,,Amazon Logistics,In Transit
2690,2690,2023-09-02,,Amazon Logistics,Delivered
2691,2691,2023-06-08,,BlueDart,Delivered
2692,2692,2022-07-23,2022-08-02,FedEx,Returned
2693,2693,2023-08-15,,BlueDart,In Transit
2694,2694,2023-12-23,,Amazon Logistics,Delivered
2695,2695,2022-12-01,,BlueDart,Delivered
2696,2696,2023-10-17,,Amazon Logistics,Delivered
2697,2697,2023-03-04,,DTDC,Delivered
2698,2698,2023-03-18,,India Post,In Transit
2699,2699,2023-07-02,2023-07-06,India Post,Returned
2700,2700,2023-12-02,,FedEx,In Transit
2701,2701,2022-03-11,,Delhivery,Delivered
2702,2702,2022-03-04,,India Post,Cancelled
2703,2703,2022-03-24,2022-03-27,India Post,Returned
2704,2704,2023-04-04,,FedEx,In Transit
2705,2705,2022-11-24,2022-12-03,Ekart,Returned
2706,2706,2023-01-11,,BlueDart,Delivered
2707,2707,2022-03-11,,India Post,In Transit
2708,2708,2022-11-27,,Ekart,In Transit
2709,2709,2023-05-11,,Ekart,Delivered
2710,2710,2023-05-18,,Ekart,Pending
2711,2711,2022-07-19,,DTDC,Delivered
2712,2712,2023-12-13,,Delhivery,Delivered
2713,2713,2023-04-23,,BlueDart,Delivered
2714,2714,2023-04-23,,Delhivery,Delivered
2715,2715,2023-02-03,2023-02-10,FedEx,Returned
2716,2716,2022-11-26,,DTDC,Delivered
2717,2717,2023-01-13,,BlueDart,Cancelled
2718,2718,2023-11-11,,Delhivery,Delivered
2719,2719,2022-07-12,,FedEx,Delivered
2720,2720,2023-04-30,,India Post,Delivered
2721,2721,2022-01-25,,India Post,Delivered
2722,2722,2023-07-22,,DTDC,Delivered
2723,2723,2023-09-15,,Amazon Logistics,Delivered
2724,2724,2022-06-15,,Ekart,Delivered
2725,2725,2022-04-22,,Delhivery,In Transit
2726,2726,2023-09-18,,India Post,Delivered
2727,2727,2023-05-24,,India Post,Delivered
2728,2728,2022-01-15,,India Post,Delivered
2729,2729,2022-12-15,,Delhivery,In Transit
2730,2730,2023-03-19,,India Post,Delivered
2731,2731,2023-06-30,,Delhivery,In Transit
2732,2732,2023-12-11,,India Post,Delivered
2733,2733,2023-05-03,,Ekart,Delivered
2734,2734,2023-03-08,,Amazon Logistics,Pending
2735,2735,2023-12-07,,FedEx,Delivered
2736,2736,2023-05-06,,BlueDart,Delivered
2737,2737,2023-08-17,,BlueDart,In Transit
2738,2738,2022-05-14,,Ekart,Cancelled
2739,2739,2023-08-15,,Ekart,In Transit
2740,2740,2023-09-22,,BlueDart,Delivered
2741,2741,2023-05-01,,Amazon Logistics,Delivered
2742,2742,2022-04-09,,Delhivery,Delivered
2743,2743,2022-11-30,,DTDC,Delivered
2744,2744,2023-09-12,,DTDC,Delivered
2745,2745,2023-04-11,,DTDC,Delivered
2746,2746,2022-10-15,,FedEx,Delivered
2747,2747,2022-03-03,,FedEx,Delivered
2748,2748,2022-01-07,,Delhivery,Cancelled
2749,2749,2023-05-15,,FedEx,Cancelled
2750,2750,2022-11-26,,FedEx,Delivered
2751,2751,2023-07-09,,Delhivery,Delivered
2752,2752,2023-09-05,,India Post,Delivered
2753,2753,2022-03-05,,DTDC,Delivered
2754,2754,2023-06-02,,DTDC,Cancelled
2755,2755,2023-03-15,,Ekart,Delivered
2756,2756,2022-08-02,,Ekart,Delivered
2757,2757,2023-11-03,,DTDC,Delivered
2758,2758,2023-01-18,2023-01-21,Delhivery,Returned
2759,2759,2022-06-05,,India Post,Delivered
2760,2760,2022-06-11,,Ekart,In Transit
2761,2761,2022-04-24,,Ekart,Delivered
2762,2762,2022-07-26,,Amazon Logistics,Delivered
2763,2763,2022-06-19,,Delhivery,Delivered
2764,2764,2022-01-23,2022-01-27,Delhivery,Returned
2765,2765,2023-07-24,,BlueDart,Delivered
2766,2766,2023-01-25,,India Post,Delivered
2767,2767,2023-10-27,,India Post,Delivered
2768,2768,2023-09-23,,India Post,Delivered
2769,2769,2022-10-22,,India Post,In Transit
2770,2770,2022-02-11,,Amazon Logistics,Delivered
2771,2771,2022-05-18,2022-05-24,FedEx,Returned
2772,2772,2022-05-27,,FedEx,Delivered
2773,2773,2022-09-01,,Delhivery,Delivered
2774,2774,2023-01-04,,India Post,Delivered
2775,2775,2022-03-16,,Ekart,Delivered
2776,2776,2023-06-26,,Amazon Logistics,Cancelled
2777,2777,2023-12-17,,Amazon Logistics,Cancelled
2778,2778,2022-08-05,,BlueDart,Delivered
2779,2779,2022-09-27,,FedEx,Delivered
2780,2780,2023-12-06,,Amazon Logistics,Delivered
2781,2781,2023-12-20,,DTDC,Delivered
2782,2782,2022-08-16,,BlueDart,Pending
2783,2783,2022-05-22,,India Post,Delivered
2784,2784,2023-10-17,,Amazon Logistics,Delivered
2785,2785,2022-10-25,,India Post,In Transit
2786,2786,2023-12-18,,FedEx,Delivered
2787,2787,2022-07-27,,India Post,Delivered
2788,2788,2023-08-24,,India Post,Delivered
2789,2789,2022-03-28,,FedEx,Delivered
2790,2790,2022-06-20,,Delhivery,Delivered
2791,2791,2022-01-10,,FedEx,In Transit
2792,2792,2022-10-19,,Amazon Logistics,Delivered
2793,2793,2023-02-07,,Amazon Logistics,In Transit
2794,2794,2022-09-22,,Ekart,Delivered
2795,2795,2022-09-25,,BlueDart,In Transit
2796,2796,2023-04-13,,Amazon Logistics,Delivered
2797,2797,2023-11-02,,BlueDart,Cancelled
2798,2798,2022-07-31,,India Post,Delivered
2799,2799,2022-04-24,,BlueDart,Delivered
2800,2800,2023-08-11,,Ekart,Delivered
2801,2801,2023-12-09,2023-12-19,Amazon Logistics,Returned
2802,2802,2022-11-10,,India Post,Delivered
2803,2803,2023-10-06,2023-10-14,BlueDart,Returned
2804,2804,2022-09-21,,Ekart,Delivered
2805,2805,2022-01-18,2022-01-20,Ekart,Returned
2806,2806,2022-08-02,,BlueDart,Delivered
2807,2807,2022-12-04,,BlueDart,Delivered
2808,2808,2022-06-21,,India Post,Delivered
2809,2809,2023-09-06,2023-09-16,FedEx,Returned
2810,2810,2022-09-13,,BlueDart,Delivered
2811,2811,2022-01-03,,BlueDart,Delivered
2812,2812,2022-01-17,,FedEx,Pending
2813,2813,2022-11-11,,Ekart,In Transit
2814,2814,2022-06-17,,Ekart,Delivered
2815,2815,2023-10-26,,Ekart,In Transit
2816,2816,2023-01-19,,BlueDart,Delivered
2817,2817,2022-01-25,,India Post,Delivered
2818,2818,2022-05-07,,Delhivery,Delivered
2819,2819,2022-08-01,,Amazon Logistics,In Transit
2820,2820,2023-12-03,2023-12-13,Delhivery,Returned
2821,2821,2023-05-07,,DTDC,Delivered
2822,2822,2022-09-02,,Ekart,In Transit
2823,2823,2022-10-08,,Ekart,In Transit
2824,2824,2023-05-08,,FedEx,In Transit
2825,2825,2022-08-10,,DTDC,In Transit
2826,2826,2022-02-04,,India Post,Delivered
2827,2827,2023-04-25,,Ekart,Pending
2828,2828,2023-08-17,,Amazon Logistics,In Transit
2829,2829,2022-10-17,,FedEx,In Transit
2830,2830,2022-07-31,,Ekart,Delivered
2831,2831,2022-10-10,,BlueDart,Delivered
2832,2832,2023-04-07,,DTDC,Pending
2833,2833,2022-02-19,,Amazon Logistics,Cancelled
2834,2834,2023-03-26,,Delhivery,Delivered
2835,2835,2022-08-31,,Delhivery,Delivered
2836,2836,2023-01-09,,Ekart,Delivered
2837,2837,2023-05-02,,India Post,Delivered
2838,2838,2023-01-21,,BlueDart,Delivered
2839,2839,2022-11-30,,India Post,Delivered
2840,2840,2022-07-01,,DTDC,Delivered
2841,2841,2022-12-26,,FedEx,Delivered
2842,2842,2023-11-25,,Ekart,In Transit
2843,2843,2023-02-24,,India Post,Delivered
2844,2844,2022-09-18,,Amazon Logistics,Delivered
2845,2845,2023-01-06,,FedEx,Delivered
2846,2846,2023-07-12,,Ekart,Delivered
2847,2847,2022-02-18,2022-02-21,BlueDart,Returned
2848,2848,2023-10-05,,DTDC,Delivered
2849,2849,2023-10-12,,BlueDart,Delivered
2850,2850,2023-08-13,,FedEx,Cancelled
2851,2851,2023-02-12,2023-02-20,Amazon Logistics,Returned
2852,2852,2023-06-02,,Delhivery,Delivered
2853,2853,2023-08-16,,DTDC,Pending
2854,2854,2023-11-16,,Amazon Logistics,In Transit
2855,2855,2023-12-07,,BlueDart,Delivered
2856,2856,2022-12-01,,FedEx,Delivered
2857,2857,2023-02-12,,FedEx,Cancelled
2858,2858,2022-08-14,,DTDC,In Transit
2859,2859,2023-12-07,,Amazon Logistics,Delivered
2860,2860,2023-10-23,,Amazon Logistics,Cancelled
2861,2861,2022-07-15,2022-07-23,BlueDart,Returned
2862,2862,2023-06-04,,FedEx,Delivered
2863,2863,2022-03-19,,Amazon Logistics,Delivered
2864,2864,2023-02-21,,BlueDart,Delivered
2865,2865,2022-04-10,,BlueDart,Delivered
2866,2866,2022-02-06,,India Post,Delivered
2867,2867,2023-11-29,,BlueDart,Delivered
2868,2868,2022-05-06,,Delhivery,In Transit
2869,2869,2022-01-16,,FedEx,Delivered
2870,2870,2023-02-05,,DTDC,Delivered
2871,2871,2023-10-01,,Ekart,Delivered
2872,2872,2023-09-02,,India Post,Delivered
2873,2873,2022-02-05,,India Post,Delivered
2874,2874,2022-09-23,2022-09-29,Delhivery,Returned
2875,2875,2023-02-01,,Amazon Logistics,In Transit
2876,2876,2023-03-14,,Delhivery,Delivered
2877,2877,2022-12-31,,India Post,Delivered
2878,2878,2022-01-29,,FedEx,Pending
2879,2879,2022-04-04,,DTDC,Delivered
2880,2880,2022-03-27,,Delhivery,Cancelled
2881,2881,2023-10-10,,FedEx,Delivered
2882,2882,2022-12-17,,DTDC,Pending
2883,2883,2022-02-10,,Ekart,Delivered
2884,2884,2023-12-26,,BlueDart,Delivered
2885,2885,2023-03-02,,Delhivery,In Transit
2886,2886,2023-09-02,,BlueDart,Cancelled
2887,2887,2023-06-05,,BlueDart,Delivered
2888,2888,2023-04-23,,DTDC,Delivered
2889,2889,2023-07-05,,India Post,Delivered
2890,2890,2023-08-28,,India Post,Delivered
2891,2891,2022-07-01,,India Post,Delivered
2892,2892,2022-06-18,,DTDC,Delivered
2893,2893,2023-03-14,,BlueDart,Delivered
2894,2894,2022-03-21,,FedEx,Delivered
2895,2895,2022-01-07,,Delhivery,In Transit
2896,2896,2023-11-04,,FedEx,Cancelled
2897,2897,2022-02-17,,Amazon Logistics,Delivered
2898,2898,2023-12-02,,FedEx,Delivered
2899,2899,2023-04-04,,Delhivery,Pending
2900,2900,2022-05-04,,DTDC,Delivered
2901,2901,2023-09-13,,Amazon Logistics,Delivered
2902,2902,2023-01-13,,DTDC,Delivered
2903,2903,2024-01-01,,Ekart,Delivered
2904,2904,2023-07-16,,FedEx,Delivered
2905,2905,2022-10-18,,BlueDart,In Transit
2906,2906,2022-03-12,,Amazon Logistics,Delivered
2907,2907,2023-11-14,,Delhivery,Delivered
2908,2908,2022-09-12,,FedEx,Delivered
2909,2909,2022-06-19,,India Post,Delivered
2910,2910,2022-07-25,,Ekart,Pending
2911,2911,2023-01-22,,Amazon Logistics,Delivered
2912,2912,2023-11-08,,BlueDart,Delivered
2913,2913,2023-08-01,,Amazon Logistics,Delivered
2914,2914,2022-11-06,,Amazon Logistics,In Transit
2915,2915,2022-01-17,,FedEx,Delivered
2916,2916,2022-01-16,,Amazon Logistics,In Transit
2917,2917,2023-08-24,,Delhivery,Delivered
2918,2918,2022-05-24,2022-05-26,India Post,Returned
2919,2919,2022-08-09,,FedEx,Delivered
2920,2920,2023-05-11,,Amazon Logistics,Delivered
2921,2921,2023-07-25,,FedEx,Delivered
2922,2922,2022-03-16,,FedEx,Delivered
2923,2923,2023-06-11,,DTDC,Delivered
2924,2924,2023-06-13,,India Post,Delivered
2925,2925,2023-10-06,,BlueDart,Cancelled
2926,2926,2023-01-11,,BlueDart,Cancelled
2927,2927,2023-02-26,,Delhivery,Delivered
2928,2928,2022-11-29,,Delhivery,Delivered
2929,2929,2023-11-21,,India Post,Delivered
2930,2930,2023-09-18,,India Post,In Transit
2931,2931,2022-05-13,,India Post,Pending
2932,2932,2023-06-11,,Amazon Logistics,Delivered
2933,2933,2023-10-17,,India Post,Delivered
2934,2934,2022-10-23,,Delhivery,Delivered
2935,2935,2023-09-11,,Amazon Logistics,Delivered
2936,2936,2022-04-01,,Delhivery,Delivered
2937,2937,2023-10-24,,Delhivery,Delivered
2938,2938,2022-10-16,,Ekart,Cancelled
2939,2939,2022-12-17,,DTDC,Delivered
2940,2940,2022-11-15,,FedEx,Delivered
2941,2941,2023-02-01,,FedEx,Delivered
2942,2942,2023-07-31,,BlueDart,Delivered
2943,2943,2023-11-10,,Delhivery,Delivered
2944,2944,2022-12-13,,BlueDart,Delivered
2945,2945,2022-12-21,,FedEx,Delivered
2946,2946,2022-03-10,,BlueDart,Delivered
2947,2947,2022-10-08,,Ekart,Delivered
2948,2948,2022-08-26,2022-09-03,Amazon Logistics,Returned
2949,2949,2023-08-07,,Ekart,Pending
2950,2950,2022-07-17,,FedEx,Delivered
2951,2951,2023-02-28,,India Post,Delivered
2952,2952,2023-11-22,,FedEx,In Transit
2953,2953,2022-05-28,,Delhivery,In Transit
2954,2954,2022-07-15,,Amazon Logistics,Delivered
2955,2955,2023-07-12,,BlueDart,Delivered
2956,2956,2023-04-21,,FedEx,Delivered
2957,2957,2022-10-30,,DTDC,Delivered
2958,2958,2023-10-15,,DTDC,Delivered
2959,2959,2023-10-27,,DTDC,Delivered
2960,2960,2023-02-11,,FedEx,Delivered
2961,2961,2023-08-07,,Delhivery,Delivered
2962,2962,2022-09-19,,Delhivery,Delivered
2963,2963,2023-01-25,,BlueDart,Pending
2964,2964,2022-01-08,,Ekart,Cancelled
2965,2965,2022-09-22,,FedEx,Delivered
2966,2966,2023-07-22,,BlueDart,Delivered
2967,2967,2023-03-12,,Amazon Logistics,Delivered
2968,2968,2023-03-16,,DTDC,Delivered
2969,2969,2023-05-08,,Ekart,Delivered
2970,2970,2022-05-26,,Ekart,Delivered
2971,2971,2022-02-28,,DTDC,Delivered
2972,2972,2023-07-20,,BlueDart,Delivered
2973,2973,2022-04-11,,Ekart,In Transit
2974,2974,2022-08-01,,FedEx,Delivered
2975,2975,2022-01-15,,Ekart,Pending
2976,2976,2022-10-14,,India Post,Delivered
2977,2977,2022-08-17,,BlueDart,Delivered
2978,2978,2022-10-04,,DTDC,Delivered
2979,2979,2022-09-02,,Ekart,Delivered
2980,2980,2022-11-24,,Amazon Logistics,Delivered
2981,2981,2023-01-30,,DTDC,Delivered
2982,2982,2022-06-18,,India Post,In Transit
2983,2983,2022-10-07,,Amazon Logistics,Delivered
2984,2984,2022-09-13,,India Post,Delivered
2985,2985,2023-04-21,2023-05-01,Delhivery,Returned
2986,2986,2022-08-17,,Delhivery,Delivered
2987,2987,2023-11-23,,India Post,Delivered
2988,2988,2023-09-12,,FedEx,Delivered
2989,2989,2022-08-27,,India Post,Delivered
2990,2990,2023-04-01,,Amazon Logistics,In Transit
2991,2991,2023-02-03,,DTDC,In Transit
2992,2992,2022-01-25,,Amazon Logistics,Delivered
2993,2993,2023-11-22,,Amazon Logistics,Cancelled
2994,2994,2023-06-22,,DTDC,Delivered
2995,2995,2023-06-08,,Ekart,Cancelled
2996,2996,2023-09-16,,Amazon Logistics,Delivered
2997,2997,2022-03-23,,FedEx,In Transit
2998,2998,2022-06-25,,BlueDart,Delivered
2999,2999,2022-11-21,,Ekart,Delivered
3000,3000,2022-10-29,,DTDC,Delivered
